,population,Run,Evacuation percentage,Evacuation time,Flow,Mean exit time,std exit time,relaxation_time,door_size
0,10.0,0,100.0,8.23,1.4729950900163666,5.083,2.15909471769999,,
1,10.0,1,100.0,9.38,1.4754098360655736,5.950000000000001,2.1189095728175324,,
2,10.0,2,100.0,8.9,1.3024602026049203,5.484,2.060044228219924,,
3,10.0,3,100.0,10.07,1.2552301255230125,6.8260000000000005,2.3106189646932274,,
4,10.0,4,100.0,9.57,1.2244897959183674,6.084999999999999,2.199460792507513,,
5,10.0,5,100.0,8.36,1.2295081967213115,4.906000000000001,2.372055835955151,,
6,10.0,6,100.0,8.48,1.5817223198594024,5.442,2.0419533132109886,,
7,10.0,7,100.0,9.08,1.2278308321964528,5.715000000000001,2.544716749136008,,
8,10.0,8,100.0,7.74,1.2096774193548387,4.189,2.3677061097657837,,
9,10.0,9,100.0,7.49,1.8181818181818181,4.997999999999999,1.6417253796607465,,
10,27.0,10,100.0,11.98,2.3614895549500456,6.06851851851852,3.057133780449745,,
11,27.0,11,100.0,13.290000000000001,2.2127659574468086,6.944814814814813,3.2645300879539607,,
12,27.0,12,100.0,12.870000000000001,2.587064676616915,7.000740740740741,2.784209494115432,,
13,27.0,13,100.0,12.530000000000001,2.4761904761904763,7.184074074074073,3.011553725314533,,
14,27.0,14,100.0,13.72,2.0392156862745097,7.190740740740741,3.408009712343878,,
15,27.0,15,100.0,12.81,2.172096908939014,6.604444444444446,3.3125418236353386,,
16,27.0,16,100.0,10.9,2.5024061597690084,5.580740740740741,3.2513475619596512,,
17,27.0,17,100.0,12.49,2.1469859620148637,6.525925925925926,3.244431038492383,,
18,27.0,18,100.0,12.5,2.4904214559386975,6.845555555555555,2.8859078472058153,,
19,27.0,19,100.0,13.1,2.3465703971119134,7.075925925925925,3.1818381954452524,,
20,44.0,20,100.0,15.31,2.9172320217096335,7.27477272727273,3.5556221374543133,,
21,44.0,21,100.0,12.67,3.547854785478548,6.388863636363637,3.1940862622571666,,
22,44.0,22,100.0,15.68,3.0824372759856633,8.142272727272728,3.6945005412736722,,
23,44.0,23,100.0,16.96,2.7301587301587302,8.084772727272727,4.1831286214297725,,
24,44.0,24,100.0,15.68,2.9351535836177476,7.662500000000002,4.1619098506156,,
25,44.0,25,100.0,14.370000000000001,3.2209737827715355,7.170227272727273,3.704869510074648,,
26,44.0,26,100.0,14.64,3.164091243561442,7.262954545454545,3.479855369585735,,
27,44.0,27,100.0,15.57,2.8215223097112863,7.323636363636364,4.131048119105836,,
28,44.0,28,100.0,15.950000000000001,2.7958387516254875,7.761363636363637,4.332627212485268,,
29,44.0,29,100.0,15.01,3.080229226361032,7.757272727272726,3.680742697827572,,
30,61.0,30,100.0,18.46,3.5398230088495577,8.978524590163936,4.274435961256789,,
31,61.0,31,100.0,16.79,3.7290242386575514,8.425409836065572,4.578509063647426,,
32,61.0,32,100.0,16.79,3.8412291933418694,8.532950819672132,4.076375982112173,,
33,61.0,33,100.0,17.88,3.4965034965034967,8.22295081967213,4.12147034615168,,
34,61.0,34,100.0,16.68,3.898635477582846,8.356229508196721,3.974584743062025,,
35,61.0,35,100.0,17.04,3.8684719535783367,8.391311475409836,3.8871585489531366,,
36,61.0,36,100.0,16.41,3.8486209108402822,8.138524590163934,4.087662264288141,,
37,61.0,37,100.0,19.2,3.278688524590164,8.900983606557379,4.584162120794462,,
38,61.0,38,100.0,16.82,3.8071065989847717,8.227704918032785,4.272394095992949,,
39,61.0,39,100.0,16.82,3.6877688998156115,7.61311475409836,4.389189956010717,,
40,78.0,40,100.0,19.56,4.1066666666666665,9.482948717948716,5.197241053555682,,
41,78.0,41,100.0,19.14,4.135338345864661,9.564871794871793,4.814131185817341,,
42,78.0,42,100.0,22.27,3.5981308411214954,9.851153846153846,5.289163629355959,,
43,78.0,43,100.0,18.78,4.273029966703663,9.227307692307692,4.60705266040928,,
44,78.0,44,100.0,18.93,4.074074074074074,9.236923076923077,4.670037211034571,,
45,78.0,45,100.0,20.92,3.804347826086956,10.26602564102564,5.423835404290998,,
46,78.0,46,100.0,19.01,4.223806911684037,9.155641025641026,4.826163701870884,,
47,78.0,47,100.0,21.400000000000002,3.7180106228874936,9.060128205128207,5.154584264942125,,
48,78.0,48,100.0,22.36,3.4482758620689657,12.057307692307692,5.908971315549942,,
49,78.0,49,100.0,21.32,3.7968441814595657,9.959487179487182,5.548262369248171,,
50,95.0,50,100.0,23.0,4.209583519928348,10.477473684210526,6.032746096490854,,
51,95.0,51,100.0,24.59,3.9679189531447867,11.787894736842103,6.147328410337817,,
52,95.0,52,100.0,23.36,4.1191936897458366,9.851052631578945,5.637629174570318,,
53,95.0,53,100.0,24.13,3.9695945945945947,10.87042105263158,6.013383462901107,,
54,95.0,54,100.0,23.36,4.140969162995595,10.97094736842105,5.984915626004425,,
55,95.0,55,100.0,23.23,4.232327780279153,11.09315789473684,5.805901667866214,,
56,95.0,56,100.0,23.26,4.111986001749781,11.347473684210525,5.873450718024803,,
57,95.0,57,100.0,22.55,4.380242311276794,10.778105263157894,6.082401592934978,,
58,95.0,58,100.0,21.79,4.372093023255814,10.635789473684211,5.625909775873676,,
59,95.0,59,100.0,22.14,4.512722035525684,11.607052631578949,5.5710218845043125,,
60,112.0,60,100.0,29.32,3.925035360678925,14.338571428571429,8.022738839158263,,
61,112.0,61,100.0,29.8,3.813122638268636,14.692410714285714,7.825465618997914,,
62,112.0,62,100.0,25.47,4.5066991473812426,12.609107142857141,6.856911625029306,,
63,112.0,63,100.0,26.04,4.322429906542056,12.419642857142858,7.184278622851381,,
64,112.0,64,100.0,27.95,4.132539091586001,14.080357142857142,7.29633586044509,,
65,112.0,65,100.0,27.810000000000002,4.112634309003334,13.044375000000002,7.24270279315671,,
66,112.0,66,100.0,28.490000000000002,4.026115342763874,14.27357142857143,7.52928395398373,,
67,112.0,67,100.0,26.05,4.408260524225576,13.404821428571429,6.585826028094689,,
68,112.0,68,100.0,27.330000000000002,4.157303370786517,12.872857142857143,7.500533726182836,,
69,112.0,69,100.0,23.91,4.661906761864763,11.235714285714286,5.940890780765395,,
70,129.0,70,100.0,36.95,3.4963124829281615,19.431627906976743,10.340442884517332,,
71,129.0,71,100.0,32.59,4.0,15.42906976744186,9.145117843850182,,
72,129.0,72,100.0,31.17,4.286671131949095,15.268449612403101,8.320417136629592,,
73,129.0,73,100.0,28.060000000000002,4.70242468772961,13.475736434108526,7.492015622396974,,
74,129.0,74,100.0,29.19,4.478656403079076,13.327674418604651,7.672767540914987,,
75,129.0,75,100.0,29.54,4.489652753419853,14.734186046511628,7.346043758555776,,
76,129.0,76,100.0,29.64,4.328711531958065,13.950000000000001,7.885542150036357,,
77,129.0,77,100.0,33.08,3.9348293882569934,16.304651162790698,8.681376353158203,,
78,129.0,78,100.0,37.160000000000004,3.525199669512531,19.358604651162793,10.185173027508698,,
79,129.0,79,100.0,35.480000000000004,3.677104280379201,17.423720930232555,10.215449548796746,,
80,146.0,80,100.0,40.09,3.6268134067033513,19.923356164383563,11.523140213614383,,
81,146.0,81,100.0,37.51,3.908355795148248,18.83417808219178,9.705350373454648,,
82,146.0,82,100.0,34.94,4.217568353694008,16.61650684931507,9.401224175053372,,
83,146.0,83,100.0,36.480000000000004,4.023307436182019,18.178561643835618,10.188482949557073,,
84,146.0,84,100.0,36.2,4.061624649859944,17.455616438356163,10.6890184041833,,
85,146.0,85,100.0,33.660000000000004,4.393939393939393,16.298904109589042,9.172944334087004,,
86,146.0,86,100.0,33.4,4.389948531637905,17.24568493150685,9.110626149611138,,
87,146.0,87,100.0,34.910000000000004,4.2571931884908985,16.385342465753425,9.319362503310796,,
88,146.0,88,100.0,38.99,3.769170782427866,20.21253424657534,10.676740869866016,,
89,146.0,89,100.0,42.65,3.417393353759133,21.196301369863015,12.174026733806953,,
90,163.0,90,100.0,41.92,3.897041135434207,20.438650306748468,11.416148002024164,,
91,163.0,91,100.0,46.37,3.5148622260794102,24.06042944785276,12.999113139250259,,
92,163.0,92,100.0,45.83,3.5604395604395602,23.14092024539877,13.182056351030672,,
93,163.0,93,100.0,35.64,4.639175257731958,16.454846625766873,9.502218412575127,,
94,163.0,94,100.0,49.67,3.307472437729685,21.97803680981595,13.363926054078703,,
95,163.0,95,100.0,45.82,3.5872453498671386,23.594662576687117,12.756970124922248,,
96,163.0,96,100.0,48.22,3.402646502835539,24.076993865030676,14.069108623170816,,
97,163.0,97,100.0,42.11,3.8709677419354835,21.16484662576687,12.278194430126339,,
98,163.0,98,100.0,41.24,3.951219512195122,20.70239263803681,11.217481387744305,,
99,163.0,99,100.0,39.980000000000004,4.098153301290159,20.199877300613494,11.98981733547006,,
100,180.0,100,100.0,44.82,3.9946440526668154,21.549111111111113,11.817324101764022,,
101,180.0,101,100.0,42.33,4.305989896560019,20.715555555555554,11.250547508575146,,
102,180.0,102,100.0,45.47,3.996427774056709,22.48322222222222,11.793168539292205,,
103,180.0,103,100.0,43.34,4.190074906367041,21.454777777777778,11.081341933921479,,
104,180.0,104,100.0,40.14,4.531645569620253,19.66211111111111,11.03480739701701,,
105,180.0,105,100.0,50.15,3.5907723169508525,24.41161111111111,13.337143000783172,,
106,180.0,106,100.0,43.26,4.1793135652579965,20.383277777777778,12.506057876467679,,
107,180.0,107,99.44444444444444,43.79,4.125144843568946,22.763016759776537,11.804743088579183,,
108,180.0,108,100.0,37.52,4.82740021574973,17.878999999999998,10.180597555751763,,
109,180.0,109,100.0,41.09,4.4088669950738915,19.402333333333335,10.942582656554656,,
110,197.0,110,100.0,41.47,4.786324786324787,19.286091370558378,11.247088578001186,,
111,197.0,111,100.0,45.77,4.31338028169014,22.06086294416244,12.430794331856504,,
112,197.0,112,100.0,44.96,4.381846635367761,22.053045685279187,12.124845038477229,,
113,197.0,113,100.0,46.97,4.209621993127148,23.78203045685279,12.542871539980604,,
114,197.0,114,100.0,55.65,3.5539437896645514,27.858883248730965,15.950162489466408,,
115,197.0,115,100.0,44.62,4.475907741493492,21.494111675126906,12.264353433863947,,
116,197.0,116,100.0,49.15,4.010640474728873,22.87827411167513,13.292964038335448,,
117,197.0,117,100.0,46.72,4.20330259489599,23.359238578680195,12.49296581382671,,
118,197.0,118,100.0,41.12,4.788663571952114,19.4089847715736,10.905044797032112,,
119,197.0,119,100.0,49.72,3.958796202787316,25.16862944162436,13.179917494157626,,
120,214.0,120,100.0,47.79,4.544484745039471,22.967757009345796,12.848524754718078,,
121,214.0,121,100.0,49.39,4.370127205580632,24.65523364485981,13.899557181840617,,
122,214.0,122,100.0,46.02,4.629428385133666,21.42700934579439,12.06777042509411,,
123,214.0,123,100.0,46.52,4.643557880967952,23.385327102803743,12.5903296460707,,
124,214.0,124,100.0,45.61,4.724933451641526,23.124672897196263,11.934642070372304,,
125,214.0,125,100.0,51.7,4.12071967498549,25.383738317757015,14.270191955528588,,
126,214.0,126,100.0,47.63,4.515581937672249,23.79724299065421,12.818547974533626,,
127,214.0,127,100.0,50.03,4.3169841913254965,25.41691588785047,13.771347911785758,,
128,214.0,128,100.0,53.370000000000005,4.018109790605545,27.76378504672897,14.152931917107912,,
129,214.0,129,100.0,44.83,4.837610719963661,22.110981308411215,11.975302890290624,,
130,231.0,130,100.0,52.21,4.466019417475728,26.463160173160176,13.746044394356666,,
131,231.0,131,100.0,53.15,4.368471035137702,25.09796536796537,14.092259352863211,,
132,231.0,132,100.0,52.9,4.357711254262978,25.83943722943723,14.262385925594915,,
133,231.0,133,100.0,56.0,4.114490161001789,26.34844155844156,15.11606177705214,,
134,231.0,134,100.0,47.79,4.871849184494811,22.953722943722948,13.157149915749793,,
135,231.0,135,100.0,56.85,4.074402125775022,29.17935064935065,14.999811158608022,,
136,231.0,136,100.0,55.51,4.173471239339503,25.809090909090916,15.225852172780078,,
137,231.0,137,100.0,52.2,4.472967716841696,26.581428571428564,14.144081298422938,,
138,231.0,138,100.0,56.15,4.152374074742733,27.7951948051948,14.967948302119748,,
139,231.0,139,100.0,51.120000000000005,4.51955197484771,25.765281385281387,13.805045384664695,,
140,248.0,140,100.0,59.19,4.202109561075195,28.237701612903226,15.983540089896904,,
141,248.0,141,100.0,58.2,4.257152705963461,28.6621370967742,16.244638326589335,,
142,248.0,142,100.0,56.980000000000004,4.396582413670345,28.955806451612904,14.707731096361302,,
143,248.0,143,100.0,55.01,4.535438854204921,28.136572580645165,14.600802399709355,,
144,248.0,144,100.0,51.17,4.848841774636827,23.657741935483866,13.788371462687394,,
145,248.0,145,100.0,56.370000000000005,4.4186046511627906,27.890120967741932,15.781059843460401,,
146,248.0,146,100.0,53.61,4.648099360180654,26.721129032258066,14.372076598900376,,
147,248.0,147,100.0,50.85,4.85837922895358,25.283991935483872,14.114742622647372,,
148,248.0,148,100.0,56.27,4.39033060789193,25.96258064516129,15.62823155873335,,
149,248.0,149,100.0,53.870000000000005,4.636756147925661,24.793104838709677,14.893951155056447,,
150,265.0,150,100.0,56.99,4.633204633204633,27.01230188679245,15.414702900626395,,
151,265.0,151,100.0,60.36,4.404404404404405,28.745924528301888,15.901985248476596,,
152,265.0,152,100.0,53.88,4.900686838685725,25.899094339622643,14.785258140038728,,
153,265.0,153,100.0,55.230000000000004,4.822798684691268,26.290943396226417,15.338976777358043,,
154,265.0,154,100.0,57.58,4.608938547486034,28.260867924528302,15.790097863272807,,
155,265.0,155,100.0,59.4,4.482173174872665,27.07418867924528,16.114304868769835,,
156,265.0,156,100.0,62.96,4.239601734382528,30.694188679245286,16.612754985908904,,
157,265.0,157,100.0,58.21,4.539202200825309,28.057962264150945,16.173704165650012,,
158,265.0,158,100.0,60.69,4.374482187241094,28.608188679245288,15.996282988055764,,
159,265.0,159,100.0,58.95,4.527525295832619,29.12498113207547,15.4933980105244,,
160,282.0,160,100.0,65.92,4.284189663058393,30.155957446808507,17.994685236671025,,
161,282.0,161,100.0,64.85,4.353214562354764,31.643120567375888,18.22788754018366,,
162,282.0,162,100.0,66.26,4.262742718446602,31.007730496453902,18.707658388358173,,
163,282.0,163,100.0,60.75,4.644628099173554,28.98354609929078,16.584116661996845,,
164,282.0,164,100.0,56.95,4.935019318580962,25.749574468085108,15.96848249741457,,
165,282.0,165,100.0,61.22,4.60655737704918,30.16691489361702,16.995433552064046,,
166,282.0,166,100.0,66.53,4.2427902763098295,32.69790780141844,17.65761409321143,,
167,282.0,167,100.0,58.660000000000004,4.849007765314926,27.629148936170214,15.315786984210462,,
168,282.0,168,100.0,66.42,4.251134644478063,31.556312056737585,17.495169599189637,,
169,282.0,169,100.0,59.54,4.7498309668695065,29.419397163120568,16.543867427459592,,
170,299.0,170,100.0,64.03,4.686271426324893,31.49418060200669,16.429684000507596,,
171,299.0,171,100.0,70.71000000000001,4.237167638276695,33.33163879598662,19.339209649198985,,
172,299.0,172,100.0,65.29,4.593802990596577,29.768127090301004,17.474667758185323,,
173,299.0,173,100.0,76.24,3.9313984168865437,34.12899665551839,20.60101296615126,,
174,299.0,174,100.0,65.56,4.558666054765182,30.92896321070235,17.683069518021437,,
175,299.0,175,100.0,63.31,4.7092288242730715,29.912240802675587,18.035505232424164,,
176,299.0,176,100.0,68.18,4.388160801060226,32.111404682274255,19.31958701203389,,
177,299.0,177,100.0,64.18,4.6439146018388655,31.19956521739131,17.59334360126223,,
178,299.0,178,100.0,67.86,4.43254499479399,32.79538461538461,18.621822266705873,,
179,299.0,179,100.0,64.48,4.640298972282778,29.97454849498328,17.5974954759762,,
180,316.0,180,100.0,69.38,4.59250619623852,34.115411392405065,19.08277681421994,,
181,316.0,181,100.0,68.28,4.659763313609468,32.883006329113925,19.02637928537826,,
182,316.0,182,100.0,65.42,4.856614246068455,31.76481012658228,18.629806079694127,,
183,316.0,183,100.0,76.54,4.125196437925616,37.18506329113924,20.927303506650674,,
184,316.0,184,100.0,68.60000000000001,4.592506196238518,33.735822784810125,18.45494142852802,,
185,316.0,185,100.0,71.04,4.444758007619585,35.7196835443038,19.50836687968104,,
186,316.0,186,100.0,67.78,4.670126019273535,31.41025316455696,18.199168268082747,,
187,316.0,187,100.0,69.82000000000001,4.55531453362256,34.03696202531645,19.595227576052377,,
188,316.0,188,100.0,71.55,4.437244682349627,34.421329113924045,19.270102794741696,,
189,316.0,189,100.0,73.99,4.28163653663178,33.30835443037975,19.91403832382747,,
190,333.0,190,100.0,67.03,4.967085577498503,32.091321321321324,18.927004900773696,,
191,333.0,191,100.0,67.57000000000001,4.9141503848431025,32.61885885885886,19.051518862889417,,
192,333.0,192,100.0,69.92,4.765322233385962,33.90426426426426,19.288715921018728,,
193,333.0,193,100.0,72.4,4.59579180509413,35.42603603603604,19.307644716034766,,
194,333.0,194,100.0,71.37,4.67869222096956,32.11930930930931,19.226259522964966,,
195,333.0,195,100.0,69.68,4.780417566594672,32.30312312312312,18.868957610346687,,
196,333.0,196,100.0,72.45,4.620737647877522,34.183573573573575,19.297577088023647,,
197,333.0,197,100.0,73.65,4.559187036528426,34.638438438438435,19.755551437872384,,
198,333.0,198,100.0,71.58,4.660957461743647,34.50942942942943,20.1510023511935,,
199,333.0,199,100.0,73.93,4.5071952212869935,35.19048048048048,20.401384928415002,,
0,,0,100.0,21.79,4.652255639097745,11.550300000000002,6.545164682204087,0.06,
1,,1,100.0,20.34,5.01773948302078,10.203600000000002,5.9818615595123665,0.06,
2,,2,100.0,22.23,4.475587703435805,11.739699999999997,6.308833546478439,0.06,
3,,3,100.0,21.95,4.5246800731261425,11.555900000000001,6.834894440304182,0.06,
4,,4,100.0,23.47,4.24892703862661,11.0727,7.033683727448782,0.06,
5,,5,100.0,24.85,4.077429983525535,13.722799999999998,7.244270335021237,0.06,
6,,6,100.0,24.82,4.02766476810415,14.418399999999997,7.312703174419957,0.06,
7,,7,100.0,20.85,4.957436154231346,11.037299999999998,5.686211899646088,0.06,
8,,8,100.0,20.91,4.881656804733727,10.595900000000002,5.976268741506449,0.06,
9,,9,100.0,20.11,5.097837281153451,10.5011,6.007907566135845,0.06,
10,,10,100.0,21.01,4.850563449289564,11.076799999999999,6.2138369349819165,0.09947368421052631,
11,,11,100.0,22.18,4.53920220082531,11.870600000000001,6.419397816246655,0.09947368421052631,
12,,12,100.0,21.82,4.70756062767475,11.1144,5.756036852073156,0.09947368421052631,
13,,13,100.0,22.85,4.632662611137108,11.906299999999998,6.3993049898825225,0.09947368421052631,
14,,14,100.0,19.77,5.180533751962323,10.245,5.751882344506928,0.09947368421052631,
15,,15,100.0,25.1,4.084158415841584,13.6711,7.419222766203038,0.09947368421052631,
16,,16,100.0,21.28,4.714285714285714,10.6663,6.528691402129713,0.09947368421052631,
17,,17,100.0,18.92,5.32258064516129,9.416599999999999,5.097038003001391,0.09947368421052631,
18,,18,100.0,22.8,4.481665912177456,12.604000000000001,6.442146577442377,0.09947368421052631,
19,,19,100.0,18.77,5.288461538461539,10.526800000000001,5.249734554135941,0.09947368421052631,
20,,20,100.0,19.59,5.063938618925831,9.669900000000002,5.672608381378433,0.13894736842105262,
21,,21,100.0,18.54,5.637813211845103,9.8835,5.0056857318917505,0.13894736842105262,
22,,22,100.0,21.14,4.743651173933876,11.1551,6.456796512359685,0.13894736842105262,
23,,23,100.0,18.76,5.32258064516129,9.803099999999999,5.298785966348492,0.13894736842105262,
24,,24,100.0,19.8,5.105724600309438,10.284600000000001,5.36776582382223,0.13894736842105262,
25,,25,100.0,18.63,5.436573311367382,9.5088,5.073140258341778,0.13894736842105262,
26,,26,100.0,19.53,5.113636363636364,9.4802,5.61669229020322,0.13894736842105262,
27,,27,100.0,25.18,4.0,12.9824,7.162049692509805,0.13894736842105262,
28,,28,100.0,21.5,4.678638941398866,10.481699999999998,5.748429746944425,0.13894736842105262,
29,,29,100.0,22.11,4.685281590156176,12.200099999999997,6.727784016128696,0.13894736842105262,
30,,30,100.0,20.740000000000002,4.836345872007816,10.2263,5.55944362723865,0.17842105263157892,
31,,31,100.0,19.25,5.27437400106553,9.935800000000002,5.44818442189226,0.17842105263157892,
32,,32,100.0,21.78,4.547542489664676,11.2806,6.148894754919026,0.17842105263157892,
33,,33,100.0,17.13,6.191369606003753,8.5473,4.272643033878385,0.17842105263157892,
34,,34,100.0,21.71,4.593967517401392,11.010900000000003,6.016825246797937,0.17842105263157892,
35,,35,100.0,21.75,4.634831460674158,11.571200000000001,6.046302698611138,0.17842105263157892,
36,,36,100.0,20.330000000000002,4.959919839679358,9.954999999999998,5.705274451387642,0.17842105263157892,
37,,37,100.0,21.36,4.7733847637415625,10.785199999999998,6.01128609913524,0.17842105263157892,
38,,38,100.0,21.5,4.759615384615384,10.800900000000002,5.825412474233005,0.17842105263157892,
39,,39,100.0,18.63,5.406881485527035,9.1393,4.770968022182382,0.17842105263157892,
40,,40,100.0,20.2,5.110996386164172,11.158300000000002,5.142473377115669,0.21789473684210525,
41,,41,100.0,20.32,4.9401197604790426,11.011,5.5229778053495595,0.21789473684210525,
42,,42,100.0,25.34,4.003234937323089,13.005099999999997,6.893724491422352,0.21789473684210525,
43,,43,100.0,22.57,4.568527918781726,11.221200000000001,6.280649660792757,0.21789473684210525,
44,,44,100.0,22.78,4.449438202247191,11.319899999999997,6.235110991859574,0.21789473684210525,
45,,45,100.0,22.02,4.5,10.4325,6.134084337255697,0.21789473684210525,
46,,46,100.0,21.59,4.700854700854701,11.0498,5.691505451374908,0.21789473684210525,
47,,47,100.0,22.89,4.568527918781726,12.016000000000002,6.003500325777968,0.21789473684210525,
48,,48,100.0,23.79,4.27645788336933,11.5931,6.905992522235433,0.21789473684210525,
49,,49,100.0,22.04,4.608938547486034,11.0699,6.30848034254869,0.21789473684210525,
50,,50,100.0,21.67,4.6764289088332545,10.793600000000001,5.842636826888104,0.2573684210526316,
51,,51,100.0,21.82,4.645706241201315,11.403999999999998,6.023053187293774,0.2573684210526316,
52,,52,100.0,22.94,4.380530973451327,11.8641,6.408803146272849,0.2573684210526316,
53,,53,100.0,24.6,4.152684563758389,12.754799999999998,6.872796834130362,0.2573684210526316,
54,,54,100.0,24.43,4.178978471929084,12.762000000000002,6.797646800195052,0.2573684210526316,
55,,55,100.0,20.97,4.874446085672083,10.4244,5.985338875497816,0.2573684210526316,
56,,56,100.0,23.330000000000002,4.330708661417322,11.554299999999998,6.61912155894732,0.2573684210526316,
57,,57,100.0,21.2,4.8034934497816595,11.126500000000004,5.864741484223127,0.2573684210526316,
58,,58,100.0,21.0,4.932735426008969,10.864,5.657459186281811,0.2573684210526316,
59,,59,100.0,22.990000000000002,4.431512981199641,11.502,6.43389210950632,0.2573684210526316,
60,,60,100.0,25.57,3.931691818903892,12.414000000000001,7.191275999782688,0.2968421052631579,
61,,61,100.0,23.84,4.230769230769231,11.6301,6.56469859678772,0.2968421052631579,
62,,62,100.0,24.71,4.057377049180327,12.760299999999999,6.4349097542587606,0.2968421052631579,
63,,63,100.0,23.900000000000002,4.23076923076923,12.681800000000003,6.371923798107514,0.2968421052631579,
64,,64,100.0,24.1,4.109589041095891,12.005599999999998,6.643034678320876,0.2968421052631579,
65,,65,100.0,22.77,4.451438848920864,10.966399999999998,6.270523558441488,0.2968421052631579,
66,,66,100.0,25.38,4.069050554870531,13.669200000000005,7.115275029643952,0.2968421052631579,
67,,67,100.0,25.93,3.9663461538461537,13.2852,7.079001881364607,0.2968421052631579,
68,,68,100.0,24.69,4.082474226804123,12.955900000000003,7.436659276988573,0.2968421052631579,
69,,69,100.0,22.32,4.4877606527651865,10.546599999999998,6.140035241566352,0.2968421052631579,
70,,70,100.0,25.830000000000002,3.969526864474739,12.539399999999999,7.183333940800087,0.3363157894736842,
71,,71,100.0,25.39,3.9270130900436335,11.662600000000003,6.773144178341847,0.3363157894736842,
72,,72,100.0,21.05,4.87925086249384,10.859599999999999,5.726552706383649,0.3363157894736842,
73,,73,100.0,24.73,4.116424116424116,12.5759,6.969856033033402,0.3363157894736842,
74,,74,100.0,23.48,4.274611398963731,11.4023,6.46279481948699,0.3363157894736842,
75,,75,100.0,26.38,3.8238702201622248,13.578700000000001,8.067275165504125,0.3363157894736842,
76,,76,100.0,23.77,4.191363251481795,12.5788,6.852332240289662,0.3363157894736842,
77,,77,100.0,25.91,3.8899803536345776,12.8475,7.516956773948759,0.3363157894736842,
78,,78,100.0,23.2,4.317488006977759,11.4012,6.659048720244194,0.3363157894736842,
79,,79,100.0,27.23,3.71900826446281,13.5315,7.7395919521547505,0.3363157894736842,
80,,80,100.0,21.27,4.743651173933876,10.5166,5.905440261899928,0.3757894736842105,
81,,81,100.0,22.63,4.469525959367946,11.888700000000002,6.12999705950133,0.3757894736842105,
82,,82,100.0,24.76,4.052394596807204,12.308300000000001,7.315031025155662,0.3757894736842105,
83,,83,100.0,20.35,4.95,9.8288,5.509984377326658,0.3757894736842105,
84,,84,100.0,26.34,3.8521400778210118,13.785500000000003,7.465843484790847,0.3757894736842105,
85,,85,100.0,26.45,3.780068728522337,12.2048,7.371726697663887,0.3757894736842105,
86,,86,100.0,23.59,4.245283018867925,11.205900000000002,6.340462987747022,0.3757894736842105,
87,,87,100.0,23.87,4.182509505703422,11.481900000000001,6.19874811326587,0.3757894736842105,
88,,88,100.0,24.71,4.067378800328677,12.736600000000001,6.9074283276057304,0.3757894736842105,
89,,89,100.0,20.97,4.787234042553192,10.140800000000002,5.865629329777278,0.3757894736842105,
90,,90,100.0,23.63,4.370860927152318,11.854400000000004,6.16699005212675,0.41526315789473683,
91,,91,100.0,26.43,3.788748564867968,13.006100000000002,7.435771837420902,0.41526315789473683,
92,,92,100.0,26.97,3.731624575951753,13.3551,7.420406274782283,0.41526315789473683,
93,,93,100.0,22.69,4.427549194991055,10.383099999999999,5.616331470080642,0.41526315789473683,
94,,94,100.0,25.490000000000002,3.9663461538461537,12.6755,6.962160986795738,0.41526315789473683,
95,,95,100.0,24.53,4.0707236842105265,12.496999999999996,6.699358705929029,0.41526315789473683,
96,,96,100.0,24.810000000000002,4.095986760446834,11.640999999999998,6.884213605757521,0.41526315789473683,
97,,97,100.0,26.16,3.9130434782608696,13.774799999999997,7.025396136068547,0.41526315789473683,
98,,98,100.0,23.330000000000002,4.396092362344582,11.757699999999998,6.301544921203005,0.41526315789473683,
99,,99,100.0,28.2,3.6157779401022645,13.8397,7.962173127933851,0.41526315789473683,
100,,100,100.0,22.6,4.451438848920863,10.2471,5.710312714994715,0.45473684210526316,
101,,101,100.0,23.84,4.267241379310345,10.802200000000001,6.10507481898908,0.45473684210526316,
102,,102,100.0,24.560000000000002,4.205607476635514,11.8166,6.6066544689977,0.45473684210526316,
103,,103,100.0,25.830000000000002,3.889980353634577,12.9657,7.383495826243935,0.45473684210526316,
104,,104,100.0,22.67,4.465493910690121,10.971300000000001,5.682984643173467,0.45473684210526316,
105,,105,100.0,24.48,4.047424366312346,11.7024,6.4581319999898525,0.45473684210526316,
106,,106,100.0,23.04,4.405874499332444,11.2039,6.1115789913635865,0.45473684210526316,
107,,107,100.0,25.78,3.8976377952755903,11.985200000000003,7.011518586503846,0.45473684210526316,
108,,108,100.0,23.05,4.401956425077812,11.580700000000002,6.331054495121805,0.45473684210526316,
109,,109,100.0,23.37,4.388297872340425,11.411499999999998,6.073368488572038,0.45473684210526316,
110,,110,100.0,23.39,4.368932038834951,11.376100000000001,6.015498651841178,0.49421052631578943,
111,,111,100.0,22.64,4.487760652765186,10.8543,5.835965510902583,0.49421052631578943,
112,,112,100.0,28.01,3.5624325296869372,13.626900000000003,7.330954255274636,0.49421052631578943,
113,,113,100.0,21.54,4.598235020901069,10.301300000000001,5.740308768487612,0.49421052631578943,
114,,114,100.0,24.6,4.084158415841584,11.3214,6.362952116460066,0.49421052631578943,
115,,115,99.0,27.72,3.7065052950075645,15.079393939393938,7.211711254673139,0.49421052631578943,
116,,116,100.0,22.34,4.543368517668656,10.556399999999998,5.655472458360373,0.49421052631578943,
117,,117,100.0,24.85,4.064039408866995,12.206700000000003,6.522274972598274,0.49421052631578943,
118,,118,100.0,25.21,4.037520391517129,11.9646,6.44071007754815,0.49421052631578943,
119,,119,100.0,27.310000000000002,3.665309144761199,12.494699999999996,7.324822120776047,0.49421052631578943,
120,,120,100.0,23.87,4.241645244215938,10.7808,6.07387179198364,0.5336842105263158,
121,,121,100.0,21.17,4.836345872007816,9.6129,5.435595233776569,0.5336842105263158,
122,,122,99.0,25.32,4.041237113402062,11.25232323232323,6.175235404631795,0.5336842105263158,
123,,123,100.0,24.82,4.1301627033792245,10.964100000000004,6.091645561460766,0.5336842105263158,
124,,124,100.0,26.1,3.8747553816046967,11.716899999999999,7.024373395973524,0.5336842105263158,
125,,125,100.0,24.63,4.1405269761606025,12.472800000000005,6.441398317355346,0.5336842105263158,
126,,126,100.0,25.21,3.9951573849878934,12.9693,6.951656768589977,0.5336842105263158,
127,,127,100.0,23.400000000000002,4.396092362344582,10.721000000000002,6.0165664391886935,0.5336842105263158,
128,,128,100.0,24.71,4.175453395191902,12.199100000000001,6.328457149170633,0.5336842105263158,
129,,129,100.0,23.97,4.159663865546219,10.9069,6.238878054894035,0.5336842105263158,
130,,130,100.0,24.96,4.037520391517129,10.292200000000001,6.41541681334026,0.5731578947368421,
131,,131,100.0,27.09,3.724604966139955,11.9488,6.939917369170117,0.5731578947368421,
132,,132,100.0,28.17,3.6263736263736264,13.1748,7.061237548558448,0.5731578947368421,
133,,133,100.0,27.78,3.568853640951694,12.3812,7.280089115893674,0.5731578947368421,
134,,134,100.0,25.8,3.945795137504982,12.2996,6.869149730512651,0.5731578947368421,
135,,135,100.0,24.23,4.254404813064031,11.4297,6.359607137189681,0.5731578947368421,
136,,136,100.0,24.42,4.180743243243243,10.748200000000002,6.190844882860204,0.5731578947368421,
137,,137,100.0,24.72,4.125,11.2009,6.240610902335078,0.5731578947368421,
138,,138,100.0,24.46,4.228961982058949,12.076999999999998,6.251092106604456,0.5731578947368421,
139,,139,100.0,25.150000000000002,4.1112956810631225,11.1967,6.301652028867453,0.5731578947368421,
140,,140,100.0,28.44,3.5395066142295315,12.512300000000003,7.051696959604901,0.6126315789473684,
141,,141,100.0,26.22,3.934817170111288,11.797900000000002,6.5702877717829375,0.6126315789473684,
142,,142,100.0,26.51,3.889980353634577,12.453899999999999,6.883762169487017,0.6126315789473684,
143,,143,100.0,27.1,3.7288135593220337,12.4243,6.888995360777076,0.6126315789473684,
144,,144,100.0,27.37,3.7471612414837243,12.4947,6.872224795978712,0.6126315789473684,
145,,145,100.0,25.51,3.9951573849878934,11.9127,6.543389887682242,0.6126315789473684,
146,,146,100.0,26.0,3.914590747330961,11.63,6.625306244113009,0.6126315789473684,
147,,147,100.0,26.46,3.8671875,11.8523,6.662426205174354,0.6126315789473684,
148,,148,100.0,26.990000000000002,3.6871508379888267,11.510000000000002,7.360561984473247,0.6126315789473684,
149,,149,100.0,26.05,3.945795137504982,12.246799999999999,6.478055868729742,0.6126315789473684,
150,,150,100.0,29.490000000000002,3.493295695130557,13.357200000000002,7.4504344771959365,0.6521052631578947,
151,,151,100.0,28.830000000000002,3.548387096774193,13.733500000000001,7.142056882660031,0.6521052631578947,
152,,152,100.0,26.330000000000002,3.8702111024237684,11.8969,6.577283786647875,0.6521052631578947,
153,,153,100.0,26.900000000000002,3.7514209928003033,11.532400000000003,6.640958023865794,0.6521052631578947,
154,,154,100.0,26.77,3.8047655649500385,12.248700000000003,6.931098365739413,0.6521052631578947,
155,,155,100.0,27.310000000000002,3.7288135593220337,12.851700000000001,7.2053373952784465,0.6521052631578947,
156,,156,100.0,28.54,3.5611510791366907,11.7321,6.738712716892454,0.6521052631578947,
157,,157,100.0,25.51,4.040816326530612,11.6357,6.459848992043081,0.6521052631578947,
158,,158,100.0,25.13,4.087530966143683,11.414800000000005,6.102157836587502,0.6521052631578947,
159,,159,100.0,26.28,3.9727126805778488,11.7424,6.5430634285709806,0.6521052631578947,
160,,160,100.0,25.98,3.9379474940334127,12.133500000000002,6.6000374004143865,0.6915789473684211,
161,,161,100.0,25.95,3.955253695565322,11.9658,6.385629254012244,0.6915789473684211,
162,,162,100.0,28.7,3.52187833511206,12.8529,6.977976653136436,0.6915789473684211,
163,,163,100.0,30.46,3.3221476510067114,14.140699999999999,7.219135242289387,0.6915789473684211,
164,,164,100.0,32.29,3.1348955034832175,14.772900000000002,8.605956275989463,0.6915789473684211,
165,,165,100.0,26.26,3.886925795053003,12.291100000000002,6.751737957329538,0.6915789473684211,
166,,166,100.0,28.26,3.5560344827586206,12.700099999999999,7.293488654791736,0.6915789473684211,
167,,167,100.0,29.150000000000002,3.4834623504574243,13.415600000000001,7.528896295895132,0.6915789473684211,
168,,168,100.0,29.19,3.4749034749034746,13.496500000000001,7.141926341589283,0.6915789473684211,
169,,169,100.0,28.07,3.714821763602252,11.8337,6.6975319824966615,0.6915789473684211,
170,,170,100.0,27.28,3.7400831129580654,12.139399999999998,6.81921984044533,0.7310526315789474,
171,,171,100.0,28.240000000000002,3.559870550161812,12.575200000000002,6.6485525849426415,0.7310526315789474,
172,,172,100.0,27.72,3.681666046857568,12.4131,6.927379100498269,0.7310526315789474,
173,,173,100.0,28.69,3.6625971143174247,13.5041,7.105325658769745,0.7310526315789474,
174,,174,100.0,30.69,3.2759761747187293,13.716700000000003,7.659805369128467,0.7310526315789474,
175,,175,100.0,28.35,3.6490969406561,13.5052,6.968701236908706,0.7310526315789474,
176,,176,100.0,31.77,3.1398667935299716,14.791200000000002,8.035029781896244,0.7310526315789474,
177,,177,100.0,31.19,3.1771501925545573,13.4642,7.744599705992596,0.7310526315789474,
178,,178,100.0,29.580000000000002,3.417328270624784,13.648399999999999,7.382054505845423,0.7310526315789474,
179,,179,100.0,27.87,3.7800687285223367,13.466599999999998,6.746069146495086,0.7310526315789474,
180,,180,100.0,28.14,3.6,11.903999999999998,7.129816040240925,0.7705263157894737,
181,,181,100.0,29.740000000000002,3.404401650618982,12.558899999999996,7.594881303226603,0.7705263157894737,
182,,182,100.0,27.38,3.745743473325766,12.777800000000003,6.923959657113358,0.7705263157894737,
183,,183,100.0,27.23,3.7204058624577225,11.826099999999999,7.035030801193224,0.7705263157894737,
184,,184,100.0,28.88,3.5331905781584583,12.895300000000002,7.309633529345595,0.7705263157894737,
185,,185,100.0,27.93,3.6625971143174247,11.812199999999997,6.964055126000928,0.7705263157894737,
186,,186,100.0,31.63,3.1904608443441833,13.826500000000003,8.157132266806872,0.7705263157894737,
187,,187,100.0,27.7,3.7106446776611692,13.6965,6.91635996034114,0.7705263157894737,
188,,188,99.0,27.82,3.5239122617763394,12.628080808080808,7.190178771693623,0.7705263157894737,
189,,189,100.0,26.73,3.8342370255615803,11.491900000000001,6.911750161350546,0.7705263157894737,
190,,190,100.0,30.970000000000002,3.329969727547931,13.8969,7.5164041068166165,0.81,
191,,191,100.0,28.47,3.586956521739131,13.193999999999999,7.354526813226304,0.81,
192,,192,100.0,28.91,3.526897043106519,12.579500000000003,7.2081046381658105,0.81,
193,,193,100.0,30.94,3.287944204583195,12.972000000000003,7.603156574672779,0.81,
194,,194,100.0,28.53,3.60655737704918,12.762800000000002,6.657265504694852,0.81,
195,,195,100.0,27.59,3.7037037037037037,13.478700000000002,6.7790958628102995,0.81,
196,,196,100.0,31.740000000000002,3.2427120864723222,13.045,7.753905174461799,0.81,
197,,197,100.0,29.02,3.5598705501618126,13.421600000000003,7.033590792358014,0.81,
198,,198,100.0,27.32,3.661242603550296,12.873299999999999,7.288387062285934,0.81,
199,,199,100.0,30.310000000000002,3.402061855670103,13.106999999999998,7.229887812253921,0.81,
0,,0,83.0,99.5,0.8394758394758394,51.374216867469876,29.556392363787417,,0.6
1,,1,59.0,99.01,0.5933503836317136,43.26966101694916,31.620711510572203,,0.6
2,,2,72.0,97.45,0.7338501291989664,53.300972222222214,33.25112287248218,,0.6
3,,3,80.0,96.63,0.8298319327731093,51.72112500000001,32.20652701336576,,0.6
4,,4,86.0,89.48,0.9704304144308711,51.4024418604651,26.475468242753532,,0.6
5,,5,60.0,99.10000000000001,0.606060606060606,45.9405,33.234144960735584,,0.6
6,,6,74.0,99.67,0.7511060808725177,54.959054054054064,25.085867940452157,,0.6
7,,7,66.0,98.53,0.6698959084819128,57.38848484848485,29.783773602025146,,0.6
8,,8,81.0,99.87,0.8146639511201629,48.13950617283951,31.39377939581481,,0.6
9,,9,70.0,89.76,0.7689735874289535,47.40171428571429,30.068395944908552,,0.6
10,,10,98.0,75.06,1.3173977998098603,32.71714285714286,19.177125119137422,,0.7105263157894737
11,,11,99.0,66.4,1.5007656967840732,32.58929292929293,19.161704541181116,,0.7105263157894737
12,,12,98.0,63.81,1.539438184415172,27.160102040816327,18.500670731496562,,0.7105263157894737
13,,13,98.0,46.19,2.1230028452615453,22.42030612244898,13.124038105475872,,0.7105263157894737
14,,14,99.0,63.07,1.5737915529147262,32.08141414141414,18.37176160607388,,0.7105263157894737
15,,15,98.0,59.08,1.6741456679323439,29.851836734693883,15.60181263239527,,0.7105263157894737
16,,16,98.0,74.49,1.327312534209086,44.25959183673469,20.528964999614487,,0.7105263157894737
17,,17,99.0,70.59,1.401000714796283,37.73828282828283,19.937547903616125,,0.7105263157894737
18,,18,98.0,60.67,1.6253351206434317,30.62714285714286,17.06853232929793,,0.7105263157894737
19,,19,98.0,57.7,1.720468251152891,31.10806122448979,15.229681252336153,,0.7105263157894737
20,,20,100.0,47.65,2.1050393365936637,22.7324,12.993918089365168,,0.8210526315789474
21,,21,100.0,38.59,2.618354932557524,18.6825,9.240870501541652,,0.8210526315789474
22,,22,100.0,39.2,2.5929806181246726,17.258200000000002,10.39274711935534,,0.8210526315789474
23,,23,100.0,44.85,2.2317403065825068,22.403500000000005,11.962267983247587,,0.8210526315789474
24,,24,100.0,42.03,2.384393063583815,19.8092,11.019465575778057,,0.8210526315789474
25,,25,100.0,44.550000000000004,2.276908923643054,22.641300000000005,12.526509800733754,,0.8210526315789474
26,,26,100.0,46.4,2.1810971579643095,22.533499999999993,12.73507114708089,,0.8210526315789474
27,,27,100.0,34.19,2.9855247285886612,16.9173,8.767513135191619,,0.8210526315789474
28,,28,100.0,38.04,2.675675675675676,18.5168,9.311707834112859,,0.8210526315789474
29,,29,100.0,41.12,2.45596626147358,20.32,11.766515837302686,,0.8210526315789474
30,,30,100.0,29.18,3.5031847133757963,13.681000000000001,7.735743289589195,,0.9315789473684211
31,,31,100.0,25.990000000000002,3.9192399049881232,11.882999999999997,6.858074427161377,,0.9315789473684211
32,,32,100.0,26.11,3.856641994546163,11.173699999999998,6.61520480836124,,0.9315789473684211
33,,33,100.0,25.900000000000002,3.9679358717434865,11.901700000000003,6.328207184639041,,0.9315789473684211
34,,34,100.0,28.38,3.4896016919280934,13.954200000000004,7.6750361667953175,,0.9315789473684211
35,,35,100.0,29.39,3.454291695743196,14.704100000000004,7.912749090658515,,0.9315789473684211
36,,36,100.0,27.67,3.6531365313653135,13.095,7.072423255650832,,0.9315789473684211
37,,37,100.0,30.47,3.3310901749663526,14.011600000000001,7.905226594801158,,0.9315789473684211
38,,38,100.0,28.61,3.5118836466832213,13.681600000000001,7.7789292867646544,,0.9315789473684211
39,,39,100.0,28.080000000000002,3.676197549201633,13.877099999999999,7.14004502928392,,0.9315789473684211
40,,40,100.0,23.37,4.394141145139813,10.9223,5.841282178156478,,1.0421052631578949
41,,41,100.0,21.91,4.678638941398866,10.719700000000003,5.630878872679457,,1.0421052631578949
42,,42,100.0,23.95,4.2894280762565,11.4617,6.6374138591302065,,1.0421052631578949
43,,43,100.0,22.17,4.547542489664676,10.206600000000002,5.8285970763802055,,1.0421052631578949
44,,44,100.0,19.97,5.118924508790072,9.7783,5.060418806279722,,1.0421052631578949
45,,45,100.0,24.68,4.256233877901978,11.894400000000001,6.327239224339491,,1.0421052631578949
46,,46,100.0,22.990000000000002,4.467509025270758,10.2763,5.769866279108024,,1.0421052631578949
47,,47,100.0,23.1,4.413731609451627,10.4506,5.560719163576022,,1.0421052631578949
48,,48,100.0,22.86,4.526748971193415,10.08,5.712627338721747,,1.0421052631578949
49,,49,100.0,21.79,4.545454545454546,10.0397,5.784906249294911,,1.0421052631578949
50,,50,100.0,20.47,4.932735426008969,9.5556,5.190293450375432,,1.1526315789473685
51,,51,100.0,22.64,4.576976421636616,10.3247,5.685043189871743,,1.1526315789473685
52,,52,100.0,19.51,5.23532522474881,9.364099999999999,5.01370567907248,,1.1526315789473685
53,,53,100.0,21.27,4.864864864864866,10.443700000000002,5.542222625108327,,1.1526315789473685
54,,54,100.0,18.23,5.555555555555555,8.6035,4.689949144692082,,1.1526315789473685
55,,55,100.0,19.32,5.368763557483731,9.677300000000002,5.014861520591279,,1.1526315789473685
56,,56,100.0,18.51,5.351351351351352,9.267600000000002,4.767417215756443,,1.1526315789473685
57,,57,100.0,19.81,5.249204665959703,9.9331,4.934052505933955,,1.1526315789473685
58,,58,100.0,19.57,5.395095367847411,9.8553,4.967572716827576,,1.1526315789473685
59,,59,100.0,22.78,4.443447037701975,10.8216,6.239090959426702,,1.1526315789473685
60,,60,100.0,16.47,6.265822784810127,7.806699999999998,4.1645648165337885,,1.263157894736842
61,,61,100.0,17.06,6.118665018541409,8.251100000000001,4.216647597273925,,1.263157894736842
62,,62,100.0,18.01,5.762514551804424,8.6633,4.494337414789838,,1.263157894736842
63,,63,100.0,16.91,6.226415094339623,8.398399999999999,4.243863715097745,,1.263157894736842
64,,64,100.0,17.57,5.6701030927835046,8.6826,4.466382085009402,,1.263157894736842
65,,65,100.0,16.32,6.305732484076433,7.419600000000002,4.112909442330099,,1.263157894736842
66,,66,100.0,16.84,6.179775280898877,7.9743,4.3615577920895845,,1.263157894736842
67,,67,100.0,16.21,6.114885731933292,7.625800000000002,4.215277452315565,,1.263157894736842
68,,68,100.0,17.7,5.86145648312611,8.4372,4.530332580829943,,1.263157894736842
69,,69,100.0,18.6,5.325443786982248,8.909500000000001,4.885941567395173,,1.263157894736842
70,,70,100.0,14.76,6.996466431095406,7.3602,3.7191041008731274,,1.3736842105263158
71,,71,100.0,14.48,7.189542483660131,7.201400000000001,3.686845581718109,,1.3736842105263158
72,,72,100.0,15.49,6.657700067249495,7.745899999999999,3.918777405458921,,1.3736842105263158
73,,73,100.0,15.870000000000001,6.479057591623036,8.0287,3.963583129218085,,1.3736842105263158
74,,74,100.0,14.94,6.846473029045644,7.0874000000000015,3.7584873972319657,,1.3736842105263158
75,,75,100.0,15.18,6.932773109243698,7.0827,3.766189794162871,,1.3736842105263158
76,,76,100.0,15.8,6.604402935290193,7.538999999999999,3.9031853088926685,,1.3736842105263158
77,,77,100.0,14.9,6.9230769230769225,6.941400000000001,3.7642912917696645,,1.3736842105263158
78,,78,100.0,14.8,6.86070686070686,7.2055,3.614161365204572,,1.3736842105263158
79,,79,100.0,15.11,6.894150417827299,7.668000000000002,3.9389438670637067,,1.3736842105263158
80,,80,100.0,14.26,7.163531114327062,6.901999999999999,3.647368776241167,,1.4842105263157896
81,,81,100.0,14.27,7.231555880204529,7.022299999999999,3.6010640557109412,,1.4842105263157896
82,,82,100.0,14.55,7.226277372262773,6.814899999999999,3.3926940205641474,,1.4842105263157896
83,,83,100.0,13.94,7.2421360643745425,7.041000000000001,3.492716953486457,,1.4842105263157896
84,,84,100.0,14.32,7.205240174672489,7.451800000000002,3.5803897366999964,,1.4842105263157896
85,,85,100.0,14.280000000000001,6.9376313945339865,6.854100000000001,3.2980637401880872,,1.4842105263157896
86,,86,100.0,13.98,7.545731707317072,6.8727,3.427618914675671,,1.4842105263157896
87,,87,100.0,13.75,7.393577296489918,6.785000000000001,3.4620013771449507,,1.4842105263157896
88,,88,100.0,13.82,7.545731707317072,6.853500000000001,3.467250934155767,,1.4842105263157896
89,,89,100.0,13.72,7.349665924276169,6.737100000000001,3.398977652296067,,1.4842105263157896
90,,90,100.0,13.38,8.134757600657354,6.8542,3.257866681301019,,1.5947368421052632
91,,91,100.0,13.75,7.522796352583587,7.047,3.3165235236355985,,1.5947368421052632
92,,92,100.0,13.84,7.158351409978308,6.670900000000001,3.6094578610235986,,1.5947368421052632
93,,93,100.0,12.77,8.326324642556772,6.590699999999998,3.159510336374383,,1.5947368421052632
94,,94,100.0,12.83,8.188585607940446,6.4196,3.222113592038617,,1.5947368421052632
95,,95,100.0,13.86,7.586206896551725,6.5461,3.306122845982477,,1.5947368421052632
96,,96,100.0,13.5,7.338769458858414,6.7651,3.21881950096584,,1.5947368421052632
97,,97,100.0,12.77,8.016194331983806,6.4895,3.306946889091617,,1.5947368421052632
98,,98,100.0,13.31,7.951807228915662,6.7006,3.3296621662586343,,1.5947368421052632
99,,99,100.0,12.76,7.964601769911504,6.307,3.257156999159193,,1.5947368421052632
100,,100,100.0,12.73,8.148148148148147,6.392900000000001,3.1719911520505333,,1.7052631578947368
101,,101,100.0,13.02,7.913669064748202,6.483200000000002,3.145773781896703,,1.7052631578947368
102,,102,100.0,12.23,8.215767634854771,6.112800000000001,3.0718641989133664,,1.7052631578947368
103,,103,100.0,13.11,7.615384615384615,6.4655,3.2826942540627453,,1.7052631578947368
104,,104,100.0,13.19,8.114754098360656,6.285899999999999,3.1690147897057437,,1.7052631578947368
105,,105,100.0,12.89,7.7283372365339575,6.1995,3.2470861451990207,,1.7052631578947368
106,,106,100.0,12.790000000000001,8.048780487804878,6.341900000000001,3.222557079605128,,1.7052631578947368
107,,107,100.0,12.52,8.354430379746836,6.230300000000001,3.078597166754935,,1.7052631578947368
108,,108,100.0,12.48,8.432708688245315,6.320400000000001,3.1251899077649603,,1.7052631578947368
109,,109,100.0,12.9,8.009708737864077,6.3786000000000005,3.23377598344584,,1.7052631578947368
110,,110,99.0,11.68,8.797127468581687,6.109393939393939,2.8555745046122447,,1.8157894736842106
111,,111,100.0,12.52,8.284518828451883,6.448599999999999,3.0786698623288795,,1.8157894736842106
112,,112,100.0,12.31,8.354430379746836,6.351699999999999,3.056977465115211,,1.8157894736842106
113,,113,100.0,11.620000000000001,8.527131782945736,5.883000000000002,2.8097361391627462,,1.8157894736842106
114,,114,100.0,12.33,8.035714285714285,6.131900000000001,3.015500258345339,,1.8157894736842106
115,,115,100.0,11.98,8.270676691729323,6.147400000000001,2.9659275960566713,,1.8157894736842106
116,,116,100.0,11.63,8.807829181494661,6.0283000000000015,2.809980428775441,,1.8157894736842106
117,,117,100.0,12.120000000000001,8.691834942932397,6.149399999999999,2.9279022793760996,,1.8157894736842106
118,,118,100.0,12.38,8.061889250814332,6.2204999999999995,3.1921701478030977,,1.8157894736842106
119,,119,100.0,12.17,8.512467755803955,5.954199999999999,3.050969436925009,,1.8157894736842106
120,,120,100.0,11.59,8.549222797927461,5.651099999999999,2.894584946084846,,1.9263157894736844
121,,121,100.0,11.42,9.049360146252285,5.828,2.6847797720190054,,1.9263157894736844
122,,122,99.0,11.83,8.836789900811542,6.25848484848485,2.8362908243116065,,1.9263157894736844
123,,123,100.0,10.98,9.141274238227147,5.5520000000000005,2.803731640352034,,1.9263157894736844
124,,124,100.0,11.74,8.95117540687161,5.8305,2.8680692041155424,,1.9263157894736844
125,,125,100.0,11.52,9.322033898305085,5.902099999999999,2.8065224518480645,,1.9263157894736844
126,,126,100.0,10.870000000000001,9.20074349442379,5.696600000000001,2.8056318613485525,,1.9263157894736844
127,,127,100.0,11.32,9.032846715328466,5.666,2.8035936534628862,,1.9263157894736844
128,,128,100.0,11.74,8.447098976109215,5.909000000000001,2.7827243028109243,,1.9263157894736844
129,,129,100.0,11.07,9.226467847157503,5.681400000000002,2.6201599997409364,,1.9263157894736844
130,,130,100.0,11.200000000000001,9.437559580552906,5.522100000000002,2.68733967621392,,2.0368421052631582
131,,131,100.0,11.65,8.68421052631579,5.6369,2.8021704052034346,,2.0368421052631582
132,,132,100.0,10.89,9.792284866468842,5.6183000000000005,2.686869326516974,,2.0368421052631582
133,,133,100.0,11.48,8.91891891891892,5.876999999999999,2.8865023747774674,,2.0368421052631582
134,,134,100.0,10.98,9.295774647887324,5.668900000000001,2.7799240215618424,,2.0368421052631582
135,,135,100.0,10.82,9.939759036144578,5.5373,2.644226741526918,,2.0368421052631582
136,,136,100.0,11.11,9.149722735674676,5.684200000000001,2.614452906441422,,2.0368421052631582
137,,137,100.0,10.9,9.09090909090909,5.537799999999999,2.7562606714331084,,2.0368421052631582
138,,138,100.0,11.1,9.620991253644316,5.569100000000001,2.6815396206981053,,2.0368421052631582
139,,139,100.0,11.0,9.008189262966333,5.6113,2.7421224747750905,,2.0368421052631582
140,,140,100.0,10.950000000000001,9.639727361246347,5.8104000000000005,2.6753615520791643,,2.1473684210526316
141,,141,100.0,10.13,9.782608695652174,5.013699999999999,2.4796813313509674,,2.1473684210526316
142,,142,100.0,11.200000000000001,9.705882352941176,6.0828999999999995,2.6903795290072012,,2.1473684210526316
143,,143,100.0,10.56,9.880239520958085,5.354,2.685900710425206,,2.1473684210526316
144,,144,100.0,10.59,9.880239520958085,5.413200000000001,2.5782869107101702,,2.1473684210526316
145,,145,100.0,10.78,10.133060388945752,5.5790999999999995,2.5163293352087925,,2.1473684210526316
146,,146,100.0,10.88,9.611650485436893,5.5482,2.5714569151877047,,2.1473684210526316
147,,147,100.0,10.620000000000001,10.071210579857578,5.5476,2.535300719317876,,2.1473684210526316
148,,148,99.0,10.700000000000001,9.167446211412534,5.39949494949495,2.7049755265924365,,2.1473684210526316
149,,149,100.0,10.99,9.744094488188976,5.513600000000001,2.621417428288241,,2.1473684210526316
150,,150,100.0,10.97,9.519230769230768,5.638999999999999,2.6004360551199253,,2.2578947368421054
151,,151,100.0,10.28,10.237849017580144,5.2757,2.495318143316326,,2.2578947368421054
152,,152,100.0,10.59,10.0,5.5089999999999995,2.5842410917331264,,2.2578947368421054
153,,153,100.0,10.44,9.734513274336283,5.3332000000000015,2.6379529406666293,,2.2578947368421054
154,,154,100.0,10.97,10.020242914979756,5.5355,2.5171598453154873,,2.2578947368421054
155,,155,100.0,11.13,9.339622641509433,5.5257000000000005,2.7336985177335458,,2.2578947368421054
156,,156,100.0,10.09,10.465116279069768,5.399299999999999,2.461464725719139,,2.2578947368421054
157,,157,100.0,10.68,9.97983870967742,5.5702,2.502968330731826,,2.2578947368421054
158,,158,100.0,10.14,10.259067357512953,5.062200000000001,2.4932322860742904,,2.2578947368421054
159,,159,100.0,10.11,10.454065469904965,5.1765,2.44557707345776,,2.2578947368421054
160,,160,100.0,9.99,10.344827586206897,5.2255,2.5206197630541167,,2.368421052631579
161,,161,100.0,10.52,9.696376101860922,5.3521,2.6347020972804764,,2.368421052631579
162,,162,100.0,10.36,9.93975903614458,5.1774000000000004,2.524962093924892,,2.368421052631579
163,,163,100.0,10.01,9.9,5.0863,2.4738195450384293,,2.368421052631579
164,,164,100.0,10.5,10.259067357512953,5.6199,2.396425998368522,,2.368421052631579
165,,165,100.0,10.11,10.091743119266056,5.0954999999999995,2.5671024325082743,,2.368421052631579
166,,166,100.0,9.48,10.714285714285714,4.928100000000001,2.4122736226023425,,2.368421052631579
167,,167,100.0,10.25,9.66796875,5.174000000000001,2.6451258777402087,,2.368421052631579
168,,168,100.0,9.91,10.269709543568464,5.114599999999999,2.448273116407819,,2.368421052631579
169,,169,100.0,10.3,10.091743119266054,5.200699999999999,2.5591867612169064,,2.368421052631579
170,,170,100.0,9.41,10.819672131147541,4.9328,2.4075663893633172,,2.478947368421053
171,,171,100.0,10.49,10.565635005336178,5.6800999999999995,2.3794781258744853,,2.478947368421053
172,,172,100.0,9.91,10.53191489361702,5.1827000000000005,2.4404701712099777,,2.478947368421053
173,,173,100.0,10.1,10.185185185185187,5.402699999999999,2.3650185704099322,,2.478947368421053
174,,174,100.0,9.68,10.987791342952276,4.9896,2.3494593919332667,,2.478947368421053
175,,175,100.0,9.85,10.060975609756097,4.897200000000001,2.3117963106247448,,2.478947368421053
176,,176,100.0,9.67,10.843373493975905,5.0687,2.319591419525291,,2.478947368421053
177,,177,100.0,9.68,11.0,4.9423,2.3902173752632,,2.478947368421053
178,,178,100.0,10.0,10.174717368961973,5.2779,2.271949412137764,,2.478947368421053
179,,179,100.0,9.91,10.323253388946819,5.016500000000001,2.4717900825355725,,2.478947368421053
180,,180,100.0,9.46,11.715976331360945,4.7322999999999995,2.2358456493409307,,2.5894736842105264
181,,181,100.0,9.88,10.030395136778115,4.9339,2.4831166856890707,,2.5894736842105264
182,,182,100.0,9.26,11.647058823529411,4.6838,2.268197246157121,,2.5894736842105264
183,,183,100.0,9.5,10.554371002132195,5.0463000000000005,2.307157792784898,,2.5894736842105264
184,,184,100.0,9.96,10.610932475884244,5.1465,2.415467570856331,,2.5894736842105264
185,,185,100.0,9.46,11.275626423690204,4.958899999999999,2.309673069260818,,2.5894736842105264
186,,186,100.0,9.46,11.327231121281464,4.7966999999999995,2.2703326214722837,,2.5894736842105264
187,,187,100.0,9.61,10.3125,4.8629,2.4121222873836494,,2.5894736842105264
188,,188,100.0,10.120000000000001,10.714285714285714,5.210300000000001,2.547929028315611,,2.5894736842105264
189,,189,100.0,9.52,10.772578890097932,4.959600000000001,2.4040915964331315,,2.5894736842105264
190,,190,100.0,9.6,10.323253388946819,5.0541,2.4247707774617218,,2.7
191,,191,100.0,9.14,11.366245694603903,4.8183,2.240592028095172,,2.7
192,,192,100.0,9.6,10.843373493975905,5.2077,2.2692747272815574,,2.7
193,,193,100.0,9.11,11.012235817575084,4.533100000000001,2.3307837564201277,,2.7
194,,194,100.0,9.450000000000001,11.538461538461537,4.9413,2.256106709543785,,2.7
195,,195,100.0,9.39,10.554371002132195,4.7520999999999995,2.2396921212478733,,2.7
196,,196,100.0,9.21,10.76086956521739,4.871599999999999,2.2501877452534687,,2.7
197,,197,100.0,9.63,10.312499999999998,5.1168000000000005,2.377798778345853,,2.7
198,,198,100.0,10.19,10.377358490566039,5.2347,2.4777463917475866,,2.7
199,,199,100.0,9.67,10.725893824485373,5.157,2.355568729713493,,2.7
