,max_speed,vision,soc_strength,obs_strength,Run,Evacuation percentage,Evacuation time,Flow,Mean exit time,std exit time
0,3.916015625,2.00390625,2908.203125,4973.6328125,,100.0,27.23,3.7743042317956537,11.657500000000002,6.35042913924132
1,3.005859375,2.00390625,2908.203125,4973.6328125,,100.0,31.66,3.248031496062992,13.698300000000001,7.873510897210014
2,3.005859375,3.26171875,2908.203125,4973.6328125,,100.0,31.36,3.1873792659368965,13.226200000000004,7.714280707122527
3,3.005859375,2.00390625,2228.515625,4973.6328125,,100.0,32.33,3.1319202783929136,13.253599999999999,7.793034901095784
4,3.005859375,2.00390625,2908.203125,4727.5390625,,100.0,32.1,3.095684803001876,12.752499999999998,8.14108986511752
5,3.916015625,3.26171875,2228.515625,4727.5390625,,100.0,27.830000000000002,3.6748329621380846,12.6831,7.374183837051139
6,4.916015625,4.00390625,1908.203125,3473.6328125,,100.0,19.82,5.04844467108618,9.185200000000002,5.260560226723946
7,4.005859375,4.00390625,1908.203125,3473.6328125,,100.0,25.27,4.044117647058823,11.4137,6.678777583517886
8,4.005859375,1.26171875,1908.203125,3473.6328125,,100.0,24.43,4.245283018867925,12.173700000000004,6.231456475662878
9,4.916015625,1.26171875,1228.515625,3227.5390625,,100.0,34.82,2.8456453003736706,17.8817,10.849771030959245
10,4.005859375,4.00390625,1908.203125,3227.5390625,,100.0,23.79,4.367004852227614,10.726599999999998,5.968883153573214
11,4.505859375,1.00390625,2408.203125,4223.6328125,,100.0,24.330000000000002,4.191363251481795,10.810899999999997,6.231933904649438
12,4.416015625,1.00390625,2408.203125,4223.6328125,,100.0,23.89,4.355477342718873,10.632800000000001,5.876489723869811
13,4.505859375,1.00390625,2728.515625,4223.6328125,,100.0,21.34,4.703087885985748,9.7322,5.5049954504150955
14,4.505859375,2.26171875,2408.203125,4223.6328125,,100.0,23.12,4.355477342718873,10.270299999999999,6.137176242566547
15,4.505859375,1.00390625,2408.203125,2477.5390625,,100.0,22.89,4.469525959367945,10.228200000000001,5.7561168834343155
16,4.005859375,4.00390625,1228.515625,3473.6328125,,100.0,33.99,2.968515742128935,17.7251,9.817743830906007
17,4.416015625,2.26171875,2728.515625,2477.5390625,,100.0,22.98,4.431512981199642,10.8877,5.3457172237561945
18,3.505859375,3.00390625,1408.203125,2723.6328125,,100.0,28.39,3.5947712418300655,13.828299999999999,7.911939967574644
19,3.416015625,3.00390625,1408.203125,2723.6328125,,100.0,28.990000000000002,3.4957627118644066,14.0195,7.4947250641954035
20,3.505859375,4.26171875,1408.203125,2723.6328125,,100.0,27.07,3.76425855513308,12.778500000000001,7.1220436539016525
21,3.505859375,3.00390625,1728.515625,2723.6328125,,100.0,27.84,3.7288135593220337,13.538099999999996,7.289021867704802
22,3.505859375,3.00390625,1408.203125,3977.5390625,,100.0,32.54,3.1669865642994246,14.893499999999996,8.459470978874757
23,3.755859375,1.50390625,1658.203125,2348.6328125,,100.0,26.18,3.905325443786982,12.9203,6.84504413440996
24,3.166015625,1.50390625,1658.203125,2348.6328125,,100.0,28.26,3.629032258064516,12.66,6.932549343786916
25,3.416015625,4.26171875,1728.515625,3977.5390625,,100.0,29.82,3.3869312350325007,13.291999999999998,7.187310366404828
26,3.755859375,1.50390625,2978.515625,2348.6328125,,100.0,23.77,4.254404813064031,10.9405,6.127457227162591
27,3.755859375,3.76171875,1658.203125,2348.6328125,,100.0,23.79,4.345917471466199,11.132899999999998,6.277160185139374
28,3.755859375,1.50390625,1658.203125,2102.5390625,,100.0,25.990000000000002,3.879310344827586,12.642000000000001,6.67428277083392
29,3.166015625,3.76171875,2978.515625,2102.5390625,,100.0,27.47,3.607871720116618,12.047600000000003,6.822051606460635
30,4.755859375,3.50390625,2658.203125,3848.6328125,,100.0,22.29,4.585456229735989,10.4974,5.577770022530728
31,4.166015625,3.50390625,2658.203125,3848.6328125,,100.0,22.990000000000002,4.4614691302388465,10.739700000000001,5.828612887464667
32,4.755859375,1.76171875,2658.203125,3848.6328125,,100.0,21.75,4.553817847286109,9.682100000000002,5.38304432942227
33,4.166015625,1.76171875,1978.515625,3602.5390625,,100.0,23.8,4.285714285714286,10.953399999999998,6.105164930473445
34,4.755859375,3.50390625,2658.203125,3602.5390625,,100.0,23.04,4.380530973451328,9.9767,5.651451955207635
35,4.755859375,3.50390625,1978.515625,3848.6328125,,100.0,24.39,4.06070549630845,11.3371,5.907585826116223
36,4.255859375,2.50390625,1158.203125,3098.6328125,,100.0,28.47,3.557312252964427,14.538499999999999,7.639711821605035
37,4.666015625,2.50390625,1158.203125,3098.6328125,,100.0,30.77,3.30110036678893,16.218799999999998,8.31845778733029
38,4.255859375,2.50390625,2478.515625,3098.6328125,,100.0,22.1,4.647887323943662,9.6213,5.592392858954821
39,4.255859375,2.76171875,1158.203125,3098.6328125,,100.0,34.410000000000004,2.9561063003881753,19.4416,10.137996407156354
40,4.255859375,2.50390625,1158.203125,4352.5390625,,100.0,32.160000000000004,3.182256509161041,15.705700000000002,8.468240041711171
41,4.666015625,2.76171875,2478.515625,4352.5390625,,100.0,23.43,4.280155642023346,10.4867,5.780781124912222
42,3.255859375,4.50390625,2158.203125,4598.6328125,,100.0,28.490000000000002,3.476123595505618,12.505600000000001,6.853276488385875
43,3.666015625,4.50390625,2158.203125,4598.6328125,,100.0,25.03,3.956834532374101,10.8233,6.254906446667741
44,3.255859375,4.76171875,2158.203125,4598.6328125,,100.0,29.14,3.5331905781584583,13.180000000000001,7.069889630958846
45,3.255859375,4.50390625,1478.515625,4598.6328125,,100.0,27.560000000000002,3.710644677661169,12.9269,7.186590444162044
46,3.255859375,4.50390625,2158.203125,2852.5390625,,100.0,25.21,4.0540540540540535,11.482399999999998,6.409968423628871
47,3.380859375,1.25390625,1033.203125,3661.1328125,,100.0,30.87,3.2501641497045304,14.3019,8.605259220530504
48,4.791015625,1.25390625,1033.203125,3661.1328125,,100.0,31.650000000000002,3.1925185424056752,15.245,9.186066249016122
49,3.666015625,4.76171875,1478.515625,2852.5390625,,100.0,25.51,3.886925795053003,12.039099999999998,6.815047684308155
50,3.380859375,1.25390625,2853.515625,3661.1328125,,100.0,27.37,3.7162162162162162,11.849200000000002,6.570993295453047
51,3.380859375,1.25390625,1033.203125,2290.0390625,,100.0,33.67,2.958756724447101,17.5131,9.805431981995254
52,4.791015625,4.01171875,2853.515625,2290.0390625,,100.0,22.05,4.491833030852995,10.665400000000002,5.767350006806428
53,4.380859375,3.25390625,2033.203125,2161.1328125,,100.0,21.89,4.647887323943662,10.236399999999998,5.803418449239181
54,3.380859375,4.01171875,1033.203125,3661.1328125,,100.0,32.53,3.165973776782859,16.4958,8.531877264504317
55,4.380859375,2.01171875,2033.203125,2161.1328125,,100.0,20.52,4.98991935483871,10.1518,5.5005508227390605
56,3.791015625,3.25390625,2033.203125,2161.1328125,,100.0,22.11,4.698623635500712,10.500399999999999,5.768648970902542
57,4.380859375,3.25390625,1853.515625,2161.1328125,,100.0,22.43,4.535043518094366,10.523000000000001,6.041020801423574
58,3.791015625,2.01171875,1853.515625,3790.0390625,,100.0,25.37,4.0358744394618835,11.490000000000002,6.322040969513091
59,4.380859375,3.25390625,2033.203125,3790.0390625,,100.0,25.82,3.9239001189060643,12.795699999999997,6.718194991922678
60,4.880859375,1.01171875,1533.203125,4411.1328125,,100.0,28.38,3.625045770779934,15.240400000000001,8.031000405625162
61,3.291015625,2.25390625,1533.203125,4411.1328125,,100.0,31.490000000000002,3.1751122514432324,14.179400000000003,8.838291898142293
62,4.880859375,2.25390625,1533.203125,4411.1328125,,100.0,34.03,2.9359430604982206,17.957,8.811898578947478
63,3.291015625,1.01171875,2353.515625,4540.0390625,,100.0,35.44,2.836676217765043,12.308800000000003,7.106995597595543
64,4.880859375,2.25390625,2353.515625,4411.1328125,,100.0,22.580000000000002,4.647887323943662,11.2574,5.645383493428838
65,4.880859375,2.25390625,1533.203125,4540.0390625,,100.0,27.07,3.755690440060698,13.1119,7.527447109737736
66,3.880859375,4.25390625,2533.203125,2911.1328125,,100.0,24.03,4.228961982058949,10.855599999999999,5.98334309444633
67,3.880859375,3.01171875,2533.203125,2911.1328125,,100.0,24.0,4.308093994778067,10.703300000000002,5.740306023412362
68,4.291015625,4.25390625,2533.203125,2911.1328125,,100.0,22.400000000000002,4.553817847286108,10.347500000000002,5.386716054191538
69,3.880859375,4.25390625,2533.203125,3040.0390625,,100.0,25.0,4.085843995047462,11.193699999999996,5.965879354692607
70,4.291015625,3.01171875,1353.515625,3040.0390625,,100.0,28.85,3.5081502480510274,14.661399999999997,7.53066861157585
71,3.880859375,4.25390625,1353.515625,2911.1328125,,100.0,30.490000000000002,3.3582089552238807,15.040700000000001,8.558942190729088
72,3.630859375,2.75390625,2283.203125,3286.1328125,,100.0,24.650000000000002,4.143993302637087,10.758600000000001,6.139268376770982
73,4.041015625,2.75390625,2283.203125,3286.1328125,,100.0,24.32,4.180743243243243,11.7651,6.544193894382465
74,3.630859375,4.51171875,2283.203125,3286.1328125,,100.0,23.3,4.374723817940787,11.096400000000001,6.079828134200352
75,3.630859375,2.75390625,2103.515625,3286.1328125,,100.0,26.23,3.8747553816046967,11.585199999999997,6.5465104406466015
76,3.630859375,2.75390625,2283.203125,4915.0390625,,100.0,28.28,3.6091870215092965,11.5144,6.869899403789099
77,4.041015625,4.51171875,2103.515625,4915.0390625,,100.0,25.330000000000002,4.030944625407166,11.576699999999999,6.26271781693423
78,4.630859375,4.75390625,1283.203125,4786.1328125,,100.0,33.0,3.0386740331491713,15.9986,9.405457046982153
79,3.041015625,4.75390625,1283.203125,4786.1328125,,100.0,32.31,3.1720602371034925,14.8619,8.45707637413662
80,4.630859375,2.51171875,1283.203125,4786.1328125,,100.0,32.61,3.08411214953271,15.934500000000003,9.325380526804093
81,4.630859375,4.75390625,1283.203125,3415.0390625,,100.0,25.97,3.900709219858156,12.928600000000001,7.315490278867304
82,3.041015625,2.51171875,1103.515625,3415.0390625,,100.0,37.39,2.6851098454027666,17.9744,9.988985279250887
83,4.130859375,1.75390625,2783.203125,2536.1328125,,100.0,22.36,4.645706241201315,10.465,5.576204947467553
84,3.541015625,1.75390625,2783.203125,2536.1328125,,100.0,25.17,4.047424366312346,11.1312,6.178970572298701
85,4.130859375,1.51171875,2783.203125,2536.1328125,,100.0,23.13,4.417670682730924,10.0205,5.399007648249684
86,4.630859375,4.75390625,1103.515625,4786.1328125,,100.0,38.550000000000004,2.632978723404255,20.410199999999996,11.709003181960092
87,4.130859375,1.75390625,2603.515625,2536.1328125,,100.0,22.45,4.667609618104668,10.261699999999998,5.588581261389291
88,3.541015625,1.51171875,2603.515625,2665.0390625,,100.0,24.46,4.219948849104859,10.919500000000001,6.062935478475886
89,4.130859375,1.75390625,2783.203125,2665.0390625,,100.0,24.94,3.974307507025291,11.156400000000001,6.582000021484981
90,3.130859375,3.75390625,1783.203125,4036.1328125,,100.0,29.01,3.484688489968321,12.363000000000005,7.269265381860755
91,3.130859375,3.51171875,1783.203125,4036.1328125,,100.0,28.57,3.5947712418300655,13.088799999999999,7.415811837696613
92,4.541015625,3.75390625,1783.203125,4036.1328125,,100.0,26.38,3.9053254437869827,12.827500000000002,6.969206637890439
93,3.130859375,3.75390625,1603.515625,4036.1328125,,100.0,28.05,3.65718507572959,12.2434,6.930500473131851
94,3.130859375,3.75390625,1783.203125,4165.0390625,,100.0,27.8,3.676197549201634,11.943999999999999,6.969206873414252
95,3.193359375,1.87890625,2095.703125,3004.8828125,,100.0,31.8,3.1802120141342756,11.463500000000003,6.400054983191847
96,4.541015625,3.51171875,1603.515625,4165.0390625,,100.0,29.04,3.538241601143674,14.240399999999998,8.245568864486543
97,3.478515625,1.87890625,2095.703125,3004.8828125,,100.0,25.43,3.8945712037765543,11.700100000000003,6.549930448393164
98,3.193359375,2.63671875,2095.703125,3004.8828125,,100.0,26.17,3.891509433962264,11.175000000000002,6.462487324880601
99,3.193359375,1.87890625,2095.703125,2571.2890625,,100.0,24.53,4.037520391517129,10.430600000000002,5.929703319268634
100,3.193359375,1.87890625,1166.015625,3004.8828125,,100.0,31.66,3.1843036346091993,16.056600000000003,8.28099237941195
101,3.478515625,2.63671875,1166.015625,2571.2890625,,100.0,33.08,3.1161473087818696,15.737700000000002,9.229229791014715
102,4.478515625,3.87890625,1095.703125,4504.8828125,,100.0,30.150000000000002,3.284671532846715,14.420500000000002,8.521246100249076
103,4.193359375,3.87890625,1095.703125,4504.8828125,,100.0,33.63,2.97029702970297,15.800400000000003,9.180551238923785
104,4.193359375,3.87890625,2166.015625,4504.8828125,,100.0,26.05,3.9410828025477707,11.823500000000001,6.588188907492565
105,4.193359375,3.87890625,1095.703125,4071.2890625,,100.0,31.3,3.1649616368286444,15.138200000000001,9.180611803736673
106,4.193359375,4.63671875,1095.703125,4504.8828125,,100.0,36.58,2.8140989198408186,18.5555,10.802390903981593
107,4.478515625,4.63671875,2166.015625,4071.2890625,,100.0,22.44,4.541284403669724,10.3945,5.602868380651922
108,4.693359375,2.87890625,2595.703125,2254.8828125,,100.0,21.91,4.615384615384616,10.1324,5.643589215412762
109,4.978515625,2.87890625,2595.703125,2254.8828125,,99.0,21.080000000000002,4.839506172839506,10.45858585858586,5.25926393742237
110,4.693359375,2.87890625,2595.703125,4821.2890625,,100.0,20.36,4.87925086249384,9.5882,4.99189977803435
111,4.693359375,3.63671875,2595.703125,2254.8828125,,100.0,22.03,4.624007473143391,10.589899999999998,5.38888427480798
112,4.693359375,2.87890625,1666.015625,2254.8828125,,99.0,23.05,4.353620613060862,11.749494949494947,6.658868472507765
113,4.978515625,3.63671875,1666.015625,4821.2890625,,100.0,28.11,3.613138686131387,13.896099999999999,7.43176486985481
114,3.693359375,4.87890625,1595.703125,3754.8828125,,100.0,27.67,3.7232042121098154,12.969700000000003,6.939294851813406
115,3.978515625,4.87890625,1595.703125,3754.8828125,,100.0,27.22,3.7728658536585367,13.130400000000002,7.260081937373278
116,3.693359375,1.63671875,1595.703125,3754.8828125,,100.0,24.51,4.125,11.159499999999998,6.2983164938391
117,3.978515625,1.63671875,2666.015625,3321.2890625,,100.0,25.67,3.9775010044194454,10.847500000000002,6.404942121975701
118,3.693359375,4.87890625,2666.015625,3754.8828125,,100.0,25.71,3.958416633346661,11.7887,6.682448842703813
119,3.693359375,4.87890625,1595.703125,3321.2890625,,100.0,27.87,3.651789007746219,12.6634,7.0724669192038165
120,3.943359375,2.37890625,1345.703125,4129.8828125,,100.0,31.93,3.1629392971246006,17.3687,8.97473250550982
121,3.728515625,2.37890625,1345.703125,4129.8828125,,100.0,30.02,3.393897840246829,15.036499999999998,8.105110667930077
122,3.943359375,2.13671875,1345.703125,4129.8828125,,100.0,32.19,3.158902361199745,15.7899,9.231132490686397
123,3.943359375,2.37890625,1916.015625,4129.8828125,,100.0,27.490000000000002,3.7386706948640485,13.007,6.921202163926393
124,3.943359375,2.37890625,1345.703125,4446.2890625,,100.0,27.39,3.71900826446281,13.389100000000001,7.3711152199554295
125,3.728515625,2.13671875,1916.015625,4446.2890625,,100.0,24.400000000000002,4.178978471929084,11.823700000000004,6.258353876413848
126,4.943359375,4.37890625,2345.703125,2629.8828125,,100.0,22.71,4.5061447428311325,10.486099999999999,5.547989333665363
127,4.943359375,4.13671875,2345.703125,2629.8828125,,100.0,22.17,4.634831460674157,10.759500000000003,5.918448877975726
128,4.728515625,4.37890625,2345.703125,2629.8828125,,99.0,21.13,4.741170778906628,10.475858585858587,5.281169476642695
129,4.943359375,4.37890625,2916.015625,2629.8828125,,100.0,23.12,4.353562005277045,10.4043,5.644138687634503
130,4.443359375,1.37890625,1845.703125,4879.8828125,,100.0,26.98,3.7815126050420167,12.524999999999999,7.119071767322115
131,4.728515625,4.13671875,2916.015625,2946.2890625,,100.0,21.56,4.611085235211924,9.822399999999998,5.40792107407591
132,4.943359375,4.37890625,2345.703125,2946.2890625,,100.0,23.21,4.469525959367945,11.038699999999999,6.011273694005491
133,4.228515625,1.37890625,1845.703125,4879.8828125,,100.0,28.150000000000002,3.568853640951694,13.449300000000001,7.317533013525829
134,4.443359375,1.37890625,1416.015625,4879.8828125,,100.0,29.46,3.426791277258567,14.4307,8.169550295475451
135,4.443359375,1.37890625,1845.703125,2196.2890625,,100.0,23.54,4.2894280762565,12.3905,6.3666957598891045
136,4.443359375,3.13671875,1845.703125,4879.8828125,,100.0,29.34,3.431542461005199,13.498099999999997,7.906079708271056
137,3.443359375,3.37890625,2845.703125,3379.8828125,,100.0,25.46,3.8945712037765534,10.3571,6.373536559299497
138,4.228515625,3.13671875,1416.015625,2196.2890625,,100.0,27.59,3.6277024551117627,13.218499999999997,8.11911404518916
139,3.443359375,1.13671875,2845.703125,3379.8828125,,100.0,29.3,3.5206258890469417,11.395100000000003,6.683005356571219
140,3.228515625,3.37890625,2845.703125,3379.8828125,,100.0,27.04,3.7585421412300684,11.667799999999998,6.844653975213359
141,3.228515625,1.13671875,2416.015625,3696.2890625,,100.0,28.04,3.674832962138085,11.892699999999998,7.09584240982355
142,3.443359375,3.37890625,2416.015625,3379.8828125,,100.0,26.900000000000002,3.893039716869838,11.884500000000003,6.996509429131014
143,3.443359375,3.37890625,2845.703125,3696.2890625,,100.0,26.43,3.7542662116040955,11.580200000000001,6.658809154310952
144,3.318359375,2.62890625,1970.703125,2442.3828125,,100.0,23.22,4.345917471466199,10.561499999999999,6.057608851683971
145,3.318359375,1.88671875,1970.703125,2442.3828125,,100.0,25.92,3.9775010044194454,12.117899999999997,6.072833910710115
146,4.353515625,2.62890625,1970.703125,2442.3828125,,100.0,25.27,4.077429983525535,12.208900000000002,6.560016305566087
147,3.318359375,2.62890625,1791.015625,2442.3828125,,100.0,25.51,4.079110012360939,12.125499999999999,6.303213446130057
148,4.353515625,1.88671875,1791.015625,4258.7890625,,100.0,24.22,4.133611691022964,11.471100000000002,6.438997490042039
149,3.318359375,2.62890625,1970.703125,4258.7890625,,100.0,27.96,3.7204058624577225,12.504000000000001,6.919833010188099
150,4.318359375,4.62890625,2970.703125,3942.3828125,,100.0,24.42,4.178978471929084,10.959000000000001,6.038772452019758
151,4.318359375,3.88671875,2970.703125,3942.3828125,,100.0,21.27,4.801163918525703,9.593800000000002,5.452995429258597
152,3.353515625,4.62890625,2970.703125,3942.3828125,,100.0,28.7,3.4785664089950807,12.304099999999998,7.0974690459758865
153,4.318359375,4.62890625,2791.015625,3942.3828125,,100.0,22.37,4.429530201342281,10.201500000000001,5.467898673996338
154,4.318359375,4.62890625,2970.703125,2758.7890625,,100.0,23.42,4.272766508416055,9.6559,5.721558044321971
155,3.853515625,1.62890625,1470.703125,3192.3828125,,100.0,28.52,3.5921625544267055,13.252,7.229616277172082
156,3.353515625,3.88671875,2791.015625,2758.7890625,,100.0,28.12,3.650442477876106,11.666899999999998,6.604440302332266
157,4.818359375,1.62890625,1470.703125,3192.3828125,,100.0,28.55,3.6250457707799337,15.380799999999999,7.7955397348468285
158,4.818359375,1.62890625,1470.703125,2008.7890625,,100.0,28.92,3.5395066142295315,14.148600000000004,8.019901006971107
159,4.818359375,1.62890625,1291.015625,3192.3828125,,100.0,31.990000000000002,3.1428571428571423,17.7045,8.685469274319697
160,3.818359375,3.62890625,2470.703125,4692.3828125,,100.0,26.85,3.816499614494988,11.860399999999997,6.554309388147279
161,3.853515625,4.88671875,1291.015625,2008.7890625,,100.0,27.45,3.6370315944158707,13.760399999999999,8.02647184904017
162,4.818359375,4.88671875,1470.703125,3192.3828125,,100.0,34.480000000000004,2.9229406554472983,19.5612,9.638103388597413
163,4.853515625,3.62890625,2470.703125,4692.3828125,,100.0,24.5,4.044117647058823,10.42,6.123251925359118
164,3.818359375,2.88671875,2470.703125,4692.3828125,,100.0,24.29,4.189589504866695,10.7788,5.977192388445
165,3.818359375,3.62890625,2291.015625,4692.3828125,,100.0,27.18,3.7514209928003033,12.011600000000001,6.745047523999376
166,4.853515625,2.88671875,2291.015625,3508.7890625,,100.0,21.19,4.761904761904761,10.1821,5.423521591599452
167,3.818359375,3.62890625,2470.703125,3508.7890625,,100.0,23.57,4.328815041539134,10.576600000000001,6.071098650844247
168,3.568359375,1.12890625,2720.703125,4317.3828125,,100.0,27.41,3.723204212109816,12.474200000000002,6.805905365076996
169,4.603515625,1.12890625,2720.703125,4317.3828125,,100.0,23.51,4.469525959367945,11.160700000000002,5.814898360194609
170,3.568359375,1.38671875,2720.703125,4317.3828125,,100.0,26.93,3.6830357142857144,11.4442,6.5333313512674795
171,3.568359375,1.12890625,2720.703125,2383.7890625,,100.0,24.61,4.111295681063123,10.9526,5.785684461398555
172,3.568359375,1.12890625,1041.015625,4317.3828125,,100.0,37.21,2.661290322580645,17.8913,10.595185170537595
173,4.603515625,1.38671875,1041.015625,2383.7890625,,100.0,31.5,3.1853281853281854,16.1142,9.5135775573332
174,3.603515625,3.12890625,1720.703125,2817.3828125,,100.0,26.61,3.7358490566037736,12.1488,6.859813920967757
175,4.568359375,3.12890625,1720.703125,2817.3828125,,100.0,25.88,3.832752613240418,13.172300000000002,7.133770852484511
176,4.568359375,3.38671875,1720.703125,2817.3828125,,100.0,25.240000000000002,4.0875309661436825,12.0054,6.87100942696592
177,4.568359375,3.12890625,2041.015625,2817.3828125,,100.0,25.19,4.003234937323089,12.076099999999999,6.792158564822893
178,4.568359375,3.12890625,1720.703125,3883.7890625,,100.0,27.7,3.681666046857568,12.812800000000003,7.735123888843512
179,3.603515625,3.38671875,2041.015625,3883.7890625,,100.0,26.02,3.868698710433763,11.429099999999998,6.590917395257743
180,4.068359375,2.12890625,2220.703125,3567.3828125,,100.0,24.37,4.216354344122657,11.4759,5.900600225417921
181,3.103515625,2.12890625,2220.703125,3567.3828125,,100.0,27.04,3.8062283737024223,12.262599999999997,6.841381309518
182,4.068359375,2.12890625,1541.015625,3567.3828125,,100.0,24.84,3.987112364075715,11.383700000000001,6.8178195890984785
183,4.068359375,2.12890625,2220.703125,4633.7890625,,100.0,25.07,4.159663865546218,11.126499999999998,5.959955998583421
184,4.068359375,4.38671875,2220.703125,3567.3828125,,100.0,24.0,4.300608166811468,11.7752,5.939049252212177
185,3.068359375,4.12890625,1220.703125,2067.3828125,,100.0,26.88,3.76425855513308,12.408800000000003,6.972398146921324
186,3.103515625,4.38671875,1541.015625,4633.7890625,,100.0,29.35,3.398558187435633,13.726799999999995,7.435729587945657
187,4.103515625,4.12890625,1220.703125,2067.3828125,,100.0,31.32,3.272727272727273,17.1892,8.894629486210748
188,3.068359375,2.38671875,1220.703125,2067.3828125,,100.0,33.69,2.9473057457576664,17.1378,9.791008612832778
189,3.068359375,4.12890625,2541.015625,2067.3828125,,100.0,25.85,3.969526864474739,12.2015,6.510447916288638
190,3.099609375,1.06640625,1501.953125,3333.0078125,,100.0,28.740000000000002,3.540772532188841,13.569600000000001,7.334974598704236
191,4.103515625,2.38671875,2541.015625,3133.7890625,,100.0,23.07,4.293148308759758,9.9176,5.778633252130323
192,3.634765625,1.06640625,1501.953125,3333.0078125,,100.0,29.93,3.360488798370672,13.0277,7.031855489574756
193,3.099609375,1.06640625,1634.765625,3333.0078125,,100.0,28.05,3.6065573770491803,12.795399999999999,6.962186528133619
194,3.068359375,4.12890625,1220.703125,3133.7890625,,100.0,29.38,3.4945287680903636,14.292800000000002,7.718005064899749
195,3.099609375,1.06640625,1501.953125,2805.6640625,,100.0,29.580000000000002,3.4446764091858033,13.103599999999998,7.469814882836013
196,3.099609375,2.94921875,1501.953125,3333.0078125,,100.0,30.57,3.3333333333333335,13.640699999999999,7.861526987536046
197,3.634765625,2.94921875,1634.765625,2805.6640625,,100.0,25.61,4.0064751112909756,11.618,6.521829544388645
198,4.099609375,3.06640625,2501.953125,4833.0078125,,100.0,26.740000000000002,3.883876029815614,11.295500000000002,6.511662478378562
199,4.634765625,3.06640625,2501.953125,4833.0078125,,100.0,24.02,4.218150830847891,10.515699999999999,5.7243351261402955
200,4.099609375,3.06640625,2634.765625,4833.0078125,,100.0,23.78,4.269081500646831,10.3665,5.411615150336685
201,4.099609375,3.06640625,2501.953125,4305.6640625,,100.0,25.47,4.011345218800648,11.1955,6.315112285764853
202,4.099609375,4.94921875,2501.953125,4833.0078125,,100.0,25.92,3.9130434782608696,11.876000000000001,6.202384357420275
203,4.634765625,4.94921875,2634.765625,4305.6640625,,100.0,24.42,4.238013698630136,11.381000000000002,6.129702729786784
204,4.599609375,2.06640625,1001.953125,2583.0078125,,100.0,30.59,3.2405891980360066,16.8338,8.485346820647148
205,4.134765625,2.06640625,1001.953125,2583.0078125,,100.0,35.49,2.831807780320366,19.1924,10.144430936740761
206,4.599609375,2.06640625,1134.765625,2583.0078125,,100.0,29.8,3.3904109589041096,14.358699999999999,8.755279464126176
207,4.599609375,3.94921875,1001.953125,2583.0078125,,99.0,26.310000000000002,3.8401253918495293,12.852323232323231,7.108948202618724
208,4.599609375,2.06640625,1001.953125,3555.6640625,,100.0,40.660000000000004,2.5319693094629154,21.5602,12.050359647594078
209,3.599609375,4.06640625,2001.953125,4083.0078125,,100.0,24.96,4.062371768567911,10.608300000000002,6.358983314805898
210,4.134765625,3.94921875,1134.765625,3555.6640625,,100.0,31.490000000000002,3.217419564510887,16.4352,9.13687782140225
211,3.599609375,1.94921875,2001.953125,4083.0078125,,100.0,31.14,3.3044058744993325,14.0851,7.6588875547143
212,3.134765625,4.06640625,2001.953125,4083.0078125,,100.0,28.21,3.6898993663809168,12.446900000000003,6.889272834771402
213,3.599609375,4.06640625,2134.765625,4083.0078125,,100.0,25.82,3.8357225881441304,10.7142,6.505527747441192
214,3.134765625,1.94921875,2134.765625,2055.6640625,,100.0,25.27,4.069050554870531,11.490499999999999,6.579307380420876
215,3.599609375,4.06640625,2001.953125,2055.6640625,,100.0,23.23,4.296875,10.6019,5.954968504441387
216,3.849609375,2.56640625,2751.953125,3708.0078125,,100.0,23.240000000000002,4.433497536945812,10.1481,5.763699305729671
217,3.384765625,2.56640625,2751.953125,3708.0078125,,100.0,26.98,3.7743042317956537,11.1219,6.2130473167034515
218,3.849609375,2.44921875,2751.953125,3708.0078125,,100.0,23.69,4.285714285714286,10.7382,5.731687286612482
219,3.849609375,2.56640625,2751.953125,3930.6640625,,100.0,23.97,4.203821656050956,10.846300000000001,5.852273434617982
220,3.849609375,2.56640625,1384.765625,3708.0078125,,100.0,31.93,3.168,15.426100000000002,8.299693178581112
221,3.384765625,2.44921875,1384.765625,3930.6640625,,100.0,31.7,3.1589023611997447,14.916200000000002,8.410083747886501
222,4.849609375,4.56640625,1751.953125,2208.0078125,,100.0,24.85,4.079110012360939,11.869099999999996,6.877728379826197
223,4.849609375,4.44921875,1751.953125,2208.0078125,,100.0,22.25,4.451438848920864,10.049299999999999,5.76186825323842
224,4.384765625,4.56640625,1751.953125,2208.0078125,,99.0,26.14,3.8858049167327517,12.634747474747476,6.680535898006978
225,4.849609375,4.56640625,2384.765625,2208.0078125,,100.0,20.18,5.030487804878049,9.601400000000002,5.123634091446257
226,4.849609375,4.56640625,1751.953125,2430.6640625,,100.0,23.07,4.423592493297587,10.9015,6.032139907917163
227,4.349609375,1.56640625,2251.953125,4458.0078125,,100.0,22.8,4.467509025270758,10.353700000000002,5.714694448206626
228,4.384765625,4.44921875,2384.765625,2430.6640625,,100.0,21.830000000000002,4.739109621828626,10.588999999999999,5.6540814792269645
229,4.884765625,1.56640625,2251.953125,4458.0078125,,100.0,22.42,4.537121906507791,10.864400000000003,5.757184237405847
230,4.349609375,1.56640625,2251.953125,3180.6640625,,100.0,21.830000000000002,4.6875,9.9324,5.315672296106671
231,4.349609375,1.56640625,1884.765625,4458.0078125,,100.0,25.990000000000002,4.049079754601227,11.860300000000002,6.496926150422245
232,4.349609375,3.44921875,2251.953125,4458.0078125,,100.0,22.95,4.467509025270758,10.2193,5.6865066685012415
233,4.884765625,3.44921875,1884.765625,3180.6640625,,100.0,26.73,3.744326777609682,13.194600000000003,7.0865434323217
234,3.349609375,3.56640625,1251.953125,2958.0078125,,100.0,29.26,3.4834623504574243,13.686300000000001,7.4921605702294585
235,3.884765625,3.56640625,1251.953125,2958.0078125,,100.0,28.46,3.5193743334518306,13.3652,7.746253898146216
236,3.349609375,1.44921875,1251.953125,2958.0078125,,100.0,30.3,3.4079173838209984,15.0416,7.873341764807023
237,3.349609375,3.56640625,2884.765625,2958.0078125,,100.0,23.62,4.296874999999999,9.877,5.699893583979167
238,3.884765625,1.44921875,2884.765625,4680.6640625,,100.0,23.94,4.27645788336933,10.834600000000002,5.83499793046106
239,3.474609375,2.31640625,2376.953125,2020.5078125,,100.0,23.79,4.296875,10.7837,5.8312156597665865
240,3.349609375,3.56640625,1251.953125,4680.6640625,,100.0,29.39,3.4327323162274617,13.429700000000002,7.649560422440342
241,4.509765625,2.31640625,2376.953125,2020.5078125,,100.0,22.63,4.541284403669725,11.4459,5.595564638735096
242,3.474609375,1.69921875,2376.953125,2020.5078125,,100.0,25.77,3.8762725137039937,11.276899999999998,6.57588657386388
243,3.474609375,2.31640625,2376.953125,4118.1640625,,100.0,27.72,3.714821763602252,11.618200000000002,6.380286618431286
244,3.474609375,2.31640625,1259.765625,2020.5078125,,100.0,30.34,3.3333333333333335,14.133,8.450726643791102
245,4.509765625,1.69921875,1259.765625,4118.1640625,,100.0,28.6,3.6039315617036762,13.4706,7.439528308605691
246,4.474609375,3.69921875,1376.953125,3520.5078125,,100.0,27.41,3.7542662116040955,13.768800000000004,7.7490835274341645
247,4.474609375,4.31640625,1376.953125,3520.5078125,,100.0,28.89,3.4700315457413247,14.7592,7.936881518734183
248,3.509765625,4.31640625,1376.953125,3520.5078125,,100.0,30.71,3.3176943699731902,15.1356,7.810600582192476
249,4.474609375,4.31640625,2259.765625,3520.5078125,,100.0,24.0,4.2362002567394095,11.073500000000003,6.07193566976609
250,4.474609375,4.31640625,1376.953125,2618.1640625,,100.0,25.43,4.062371768567911,12.097400000000002,6.655079114496087
251,3.509765625,3.69921875,2259.765625,2618.1640625,,100.0,24.95,4.07911001236094,11.483600000000001,6.362519118663106
252,4.974609375,1.31640625,2876.953125,2770.5078125,,100.0,19.22,5.314009661835749,8.8008,4.8394664703014225
253,3.009765625,1.31640625,2876.953125,2770.5078125,,100.0,27.09,3.791650708540789,11.879000000000001,6.761935724884905
254,4.974609375,1.31640625,1759.765625,2770.5078125,,100.0,24.7,4.223549488054608,13.186899999999998,6.166843026962169
255,4.974609375,1.31640625,2876.953125,3368.1640625,,100.0,22.04,4.615384615384616,10.5273,5.62884218587938
256,4.974609375,4.69921875,2876.953125,2770.5078125,,100.0,20.61,4.829268292682927,9.847399999999999,5.46999189702648
257,3.974609375,3.31640625,1876.953125,4270.5078125,,100.0,24.05,4.234388366124893,10.8873,5.937131378030976
258,3.009765625,4.69921875,1759.765625,3368.1640625,,100.0,27.580000000000002,3.650442477876106,11.585199999999997,6.849081997028523
259,4.009765625,3.31640625,1876.953125,4270.5078125,,100.0,28.36,3.6026200873362444,12.431500000000002,7.081813437648338
260,3.974609375,2.69921875,1876.953125,4270.5078125,,100.0,25.26,3.9806996381182147,11.064200000000001,6.533991336685318
261,3.974609375,3.31640625,2759.765625,4270.5078125,,100.0,26.650000000000002,3.8686987104337627,11.4598,6.233446438772897
262,4.009765625,2.69921875,2759.765625,4868.1640625,,100.0,24.5,4.16141235813367,10.470999999999998,5.929431556722666
263,3.974609375,3.31640625,1876.953125,4868.1640625,,100.0,25.43,4.092600248036378,12.0096,6.561472475786593
264,3.724609375,1.81640625,1126.953125,4645.5078125,,100.0,32.07,3.1528662420382165,16.5213,9.003227328760135
265,3.724609375,1.19921875,1126.953125,4645.5078125,,100.0,35.71,2.8456453003736706,18.745,9.474889248040121
266,4.259765625,1.81640625,1126.953125,4645.5078125,,100.0,33.04,3.099561678146525,17.141099999999998,9.352502273604523
267,3.724609375,1.81640625,1509.765625,4645.5078125,,100.0,29.29,3.519374333451831,13.499500000000001,7.328431057714657
268,4.259765625,1.19921875,1509.765625,2993.1640625,,100.0,27.62,3.7162162162162162,13.892399999999999,7.207886690664229
269,3.724609375,1.81640625,1126.953125,2993.1640625,,100.0,29.51,3.435114503816794,14.945600000000002,8.038075718262752
270,4.724609375,3.81640625,2126.953125,3145.5078125,,100.0,21.11,4.862475442043222,9.6573,5.288425297885292
271,3.259765625,3.81640625,2126.953125,3145.5078125,,100.0,25.29,4.039167686658507,11.424900000000001,6.400301523042378
272,4.724609375,3.19921875,2126.953125,3145.5078125,,100.0,26.96,3.7613981762917934,12.528999999999998,6.884866363879901
273,4.724609375,3.81640625,2509.765625,3145.5078125,,100.0,23.81,4.298740772904907,11.071599999999997,5.887325320919801
274,4.724609375,3.81640625,2126.953125,4493.1640625,,100.0,26.92,3.6857781087118386,11.908600000000002,6.562534466672356
275,3.259765625,3.19921875,2509.765625,4493.1640625,,100.0,26.73,3.8135593220338984,12.0096,6.663827110420541
276,4.224609375,2.81640625,1626.953125,3895.5078125,,100.0,29.35,3.4627492130115427,14.910100000000002,7.8943939314842
277,3.759765625,2.81640625,1626.953125,3895.5078125,,100.0,26.48,3.740083112958066,11.9776,6.587235455750383
278,4.224609375,4.19921875,1626.953125,3895.5078125,,100.0,27.46,3.672106824925816,13.9426,7.203248652623007
279,4.224609375,2.81640625,1009.765625,3895.5078125,,100.0,29.52,3.4327323162274617,14.454800000000002,8.183186566603403
280,4.224609375,2.81640625,1626.953125,3743.1640625,,100.0,27.38,3.7344398340248968,13.426200000000001,7.310148581446774
281,4.759765625,4.81640625,2626.953125,2395.5078125,,100.0,22.66,4.491833030852995,10.9197,5.857514289053391
282,3.224609375,4.81640625,2626.953125,2395.5078125,,100.0,26.93,3.7743042317956537,11.7436,6.551245932853328
283,3.224609375,2.19921875,2626.953125,2395.5078125,,100.0,27.01,3.7288135593220337,11.660700000000002,6.860642290366379
284,3.759765625,4.19921875,1009.765625,3743.1640625,,100.0,34.21,3.009118541033435,18.157500000000002,9.674383479430135
285,3.224609375,4.81640625,2009.765625,2395.5078125,,100.0,24.23,4.252577319587629,10.843900000000001,5.767408236606523
286,4.759765625,2.19921875,2009.765625,2243.1640625,,100.0,22.94,4.437471985656655,10.7673,5.91235717661225
287,3.224609375,4.81640625,2626.953125,2243.1640625,,100.0,25.900000000000002,3.8762725137039933,11.2788,6.264457908621375
288,3.162109375,2.94140625,1439.453125,4551.7578125,,100.0,31.17,3.279231533620404,14.738199999999999,8.478673469239148
289,3.197265625,2.94140625,1439.453125,4551.7578125,,100.0,31.38,3.204920686306248,14.527600000000001,7.823776132386264
290,3.162109375,3.07421875,1439.453125,4551.7578125,,100.0,31.67,3.1894329896907214,14.041200000000002,8.504225720846732
291,3.162109375,2.94140625,2697.265625,4551.7578125,,100.0,28.01,3.5357142857142856,12.193700000000002,7.179520770563276
292,3.162109375,2.94140625,1439.453125,3836.9140625,,100.0,32.17,3.1802120141342756,14.86,8.279004722303231
293,3.197265625,3.07421875,2697.265625,3836.9140625,,100.0,26.44,3.9007092198581557,12.395400000000002,6.737053190896573
294,4.162109375,1.07421875,2439.453125,3051.7578125,,100.0,22.490000000000002,4.539202200825309,10.041100000000002,5.626413877525552
295,4.162109375,4.94140625,2439.453125,3051.7578125,,100.0,21.43,4.709800190294957,9.958,5.423710757759708
296,4.197265625,4.94140625,2439.453125,3051.7578125,,100.0,21.82,4.672015101462954,10.1989,5.865056234714518
297,4.197265625,1.07421875,1697.265625,2336.9140625,,100.0,26.28,3.846153846153846,13.019300000000001,6.936749923779183
298,4.162109375,4.94140625,2439.453125,2336.9140625,,100.0,21.94,4.70532319391635,10.300999999999998,5.514878406491283
299,4.162109375,4.94140625,1697.265625,3051.7578125,,100.0,24.3,4.23982869379015,11.678600000000001,6.219017756735051
300,4.662109375,1.94140625,1939.453125,3801.7578125,,100.0,24.64,4.131886477462437,11.653500000000001,6.438076501596112
301,4.697265625,1.94140625,1939.453125,3801.7578125,,100.0,22.080000000000002,4.66321243523316,10.8601,5.7467927805538865
302,4.662109375,2.07421875,1939.453125,3801.7578125,,100.0,22.92,4.390243902439024,11.1042,6.235094740598768
303,4.662109375,1.94140625,2197.265625,3801.7578125,,100.0,24.080000000000002,4.225352112676056,10.885299999999999,5.778584017077561
304,4.662109375,1.94140625,1939.453125,3086.9140625,,100.0,22.5,4.491833030852995,10.203899999999999,5.932704238865998
305,4.697265625,2.07421875,2197.265625,3086.9140625,,100.0,24.64,4.143993302637087,11.708000000000002,6.17888764465357
306,3.662109375,3.94140625,2939.453125,2301.7578125,,100.0,27.05,3.730218538055765,11.661000000000001,6.717553742459251
307,3.697265625,3.94140625,2939.453125,2301.7578125,,100.0,24.21,4.216354344122657,11.156400000000001,6.193004283916334
308,3.662109375,4.07421875,2939.453125,2301.7578125,,100.0,27.86,3.650442477876106,11.8939,6.484724224878594
309,3.662109375,3.94140625,2939.453125,4586.9140625,,100.0,26.82,3.800383877159309,11.668799999999997,6.668542505789039
310,3.662109375,3.94140625,1197.265625,2301.7578125,,100.0,30.3,3.321033210332103,14.367799999999999,8.66853319993549
311,3.912109375,1.44140625,2189.453125,2676.7578125,,100.0,23.46,4.433497536945812,11.0681,6.200346307532615
312,3.947265625,1.44140625,2189.453125,2676.7578125,,100.0,24.830000000000002,4.1701769165964615,11.976899999999999,6.471438366804827
313,3.912109375,1.44140625,2447.265625,2676.7578125,,100.0,23.66,4.323144104803494,10.6568,5.933062622356862
314,3.697265625,4.07421875,1197.265625,4586.9140625,,100.0,34.27,2.9534606205250595,17.0194,9.747404090579733
315,3.912109375,3.57421875,2189.453125,2676.7578125,,100.0,22.22,4.596100278551532,10.074900000000001,5.542787923932952
316,3.912109375,1.44140625,2189.453125,3461.9140625,,100.0,26.84,3.78585086042065,12.026699999999998,6.6872434046874165
317,3.947265625,3.57421875,2447.265625,3461.9140625,,100.0,22.490000000000002,4.526748971193415,10.691199999999998,5.9763164358502765
318,4.912109375,3.44140625,1189.453125,4176.7578125,,100.0,30.64,3.2321253672869736,15.2796,9.128649088546354
319,4.912109375,1.57421875,1189.453125,4176.7578125,,100.0,40.38,2.4830699774266365,19.3941,12.710960203022754
320,4.947265625,3.44140625,1189.453125,4176.7578125,,100.0,31.59,3.267326732673267,16.309799999999996,8.662149519780314
321,4.947265625,1.57421875,1447.265625,4961.9140625,,100.0,29.54,3.4422809457579975,15.466,8.718317764710383
322,4.912109375,3.44140625,1447.265625,4176.7578125,,100.0,30.86,3.2374100719424463,15.453099999999997,8.569859291302704
323,4.412109375,2.44140625,2689.453125,3426.7578125,,100.0,22.81,4.4039145907473305,10.8577,5.555543387764453
324,4.912109375,3.44140625,1189.453125,4961.9140625,,100.0,35.1,2.9272619751626254,17.855100000000004,10.03542548357386
325,4.447265625,2.44140625,2689.453125,3426.7578125,,100.0,22.37,4.493871992737176,10.1511,5.8945907226777665
326,4.412109375,2.57421875,2689.453125,3426.7578125,,100.0,23.28,4.37859354268023,10.484000000000002,5.742959149948726
327,4.412109375,2.44140625,2947.265625,3426.7578125,,100.0,22.75,4.353562005277045,9.6048,5.619641506952794
328,4.412109375,2.44140625,2689.453125,4211.9140625,,100.0,24.66,4.149203688181056,11.377300000000002,5.911671874650636
329,4.447265625,2.57421875,2947.265625,4211.9140625,,100.0,23.05,4.363155575143234,10.5376,5.83766058027572
330,3.412109375,4.44140625,1689.453125,4926.7578125,,100.0,30.44,3.361629881154499,13.927600000000005,7.863863152215181
331,3.412109375,4.57421875,1689.453125,4926.7578125,,100.0,26.19,3.928571428571428,12.0823,6.489462765113764
332,3.447265625,4.44140625,1689.453125,4926.7578125,,100.0,30.92,3.2501641497045304,14.527099999999997,7.995601732240424
333,3.412109375,4.44140625,1947.265625,4926.7578125,,100.0,28.27,3.6464088397790055,12.6002,7.11458609570025
334,3.447265625,4.57421875,1947.265625,2711.9140625,,100.0,24.310000000000002,4.225352112676056,11.1593,5.925402983354931
335,3.287109375,1.69140625,2564.453125,3989.2578125,,100.0,26.03,3.831269349845201,12.075700000000001,6.285417346701984
336,3.412109375,4.44140625,1689.453125,2711.9140625,,100.0,28.93,3.549659376120473,13.292200000000001,7.066240636100127
337,4.072265625,1.69140625,2564.453125,3989.2578125,,100.0,24.2,4.27645788336933,10.998500000000002,5.795466597333478
338,3.287109375,1.69140625,2322.265625,3989.2578125,,100.0,28.45,3.6263736263736264,12.064400000000001,6.842887676820054
339,3.287109375,1.69140625,2564.453125,3274.4140625,,100.0,27.6,3.6450662739322532,11.8648,7.131178587050252
340,3.287109375,4.32421875,2564.453125,3989.2578125,,100.0,27.57,3.681666046857568,11.161699999999998,6.430968957106909
341,4.072265625,4.32421875,2322.265625,3274.4140625,,100.0,23.67,4.280155642023346,10.6942,5.8293077330386875
342,3.072265625,3.69140625,1564.453125,2489.2578125,,100.0,28.650000000000002,3.6013095671153144,12.512500000000003,7.093191268655977
343,4.287109375,3.69140625,1564.453125,2489.2578125,,100.0,28.85,3.542039355992844,15.281600000000001,7.602265042589464
344,4.287109375,2.32421875,1564.453125,2489.2578125,,100.0,27.26,3.677563150074294,13.62,7.734938835432301
345,3.072265625,2.32421875,1322.265625,4774.4140625,,100.0,29.44,3.4932956951305574,13.310500000000001,8.03228389662365
346,4.287109375,3.69140625,1564.453125,4774.4140625,,100.0,25.16,4.06070549630845,11.651299999999999,6.469112417066692
347,4.287109375,3.69140625,1322.265625,2489.2578125,,100.0,28.3,3.571428571428571,14.274499999999998,7.8842157075534365
348,4.787109375,1.32421875,2064.453125,4739.2578125,,100.0,23.28,4.398045313194135,10.744100000000001,6.106131228180211
349,4.787109375,2.69140625,2064.453125,4739.2578125,,100.0,25.19,3.931691818903892,11.1773,6.408144731432796
350,3.572265625,2.69140625,2064.453125,4739.2578125,,100.0,25.71,4.026026840178934,11.576600000000001,6.5977108396194755
351,4.787109375,2.69140625,2822.265625,4739.2578125,,100.0,24.330000000000002,4.177215189873417,10.771700000000001,5.880297191520686
352,3.572265625,1.32421875,2822.265625,4024.4140625,,100.0,25.76,3.9536741214057503,11.4111,6.543832765484328
353,4.787109375,2.69140625,2064.453125,4024.4140625,,100.0,24.18,4.265402843601896,11.0503,5.681416357589261
354,4.572265625,4.69140625,1064.453125,3239.2578125,,100.0,28.060000000000002,3.6131386861313866,14.501199999999999,7.690192006114613
355,3.787109375,3.32421875,1064.453125,3239.2578125,,100.0,32.86,3.1151667715544367,16.360699999999998,9.144280903516922
356,3.787109375,4.69140625,1064.453125,3239.2578125,,100.0,40.47,2.4468610973801286,21.440799999999996,12.29295369163353
357,3.787109375,4.69140625,1822.265625,3239.2578125,,100.0,23.68,4.269081500646831,11.3675,5.99681470583856
358,4.572265625,3.32421875,1822.265625,2524.4140625,,100.0,24.29,4.16141235813367,11.2578,6.632365938290342
359,3.537109375,2.19140625,1814.453125,2864.2578125,,100.0,23.86,4.342105263157895,11.055399999999999,5.885061282861064
360,3.787109375,4.69140625,1064.453125,2524.4140625,,100.0,35.52,2.88545613523754,17.5175,10.551453667383917
361,4.822265625,2.19140625,1814.453125,2864.2578125,,100.0,25.18,4.143993302637087,12.1796,6.742250309230831
362,3.537109375,2.19140625,2572.265625,2864.2578125,,100.0,24.76,4.166666666666666,11.394,6.292934790924525
363,3.537109375,4.82421875,1814.453125,2864.2578125,,100.0,26.2,3.8596491228070176,11.216099999999999,6.357527137419887
364,3.537109375,2.19140625,1814.453125,3649.4140625,,100.0,24.68,4.123281965847564,11.162300000000002,6.423238249205816
365,4.822265625,4.82421875,2572.265625,3649.4140625,,100.0,22.76,4.493871992737176,10.328600000000002,5.693639375068756
366,4.537109375,4.19140625,2814.453125,4364.2578125,,100.0,22.93,4.392191659272405,10.1838,5.703024499723322
367,3.822265625,4.19140625,2814.453125,4364.2578125,,100.0,28.64,3.52438590245639,11.825400000000002,7.218532884880488
368,4.537109375,2.82421875,2814.453125,4364.2578125,,100.0,24.05,4.118136439267887,10.5354,6.364352970041239
369,4.537109375,4.19140625,1572.265625,4364.2578125,,100.0,24.82,4.143993302637087,11.966599999999998,6.378419141721149
370,4.537109375,4.19140625,2814.453125,2149.4140625,,100.0,22.13,4.572748267898383,10.769400000000003,5.688468722252097
371,3.822265625,2.82421875,1572.265625,2149.4140625,,100.0,27.93,3.5688536409516947,13.098199999999999,6.886871037479118
372,4.037109375,1.19140625,1314.453125,2114.2578125,,100.0,24.560000000000002,4.177215189873417,11.8658,6.814639645274687
373,3.322265625,1.19140625,1314.453125,2114.2578125,,100.0,27.060000000000002,3.7302185380557646,13.362400000000003,7.135616898716784
374,4.037109375,1.19140625,2072.265625,2114.2578125,,100.0,23.64,4.3478260869565215,11.6921,5.892366967081012
375,4.037109375,1.19140625,1314.453125,2899.4140625,,100.0,28.78,3.5306704707560623,15.0175,7.890935008161599
376,4.037109375,1.82421875,1314.453125,2114.2578125,,100.0,29.580000000000002,3.42916522341531,15.860199999999999,8.319548232198596
377,3.322265625,1.82421875,2072.265625,2899.4140625,,100.0,26.11,3.832752613240418,11.595799999999999,6.564700702479231
378,3.037109375,3.19140625,2314.453125,3614.2578125,,100.0,28.21,3.581765557163531,11.368100000000002,7.085131207841054
379,4.322265625,3.19140625,2314.453125,3614.2578125,,100.0,23.85,4.285714285714286,11.4898,6.326528079077303
380,3.037109375,3.82421875,2314.453125,3614.2578125,,100.0,31.060000000000002,3.3,12.427700000000002,7.339656207372675
381,3.037109375,3.19140625,1072.265625,3614.2578125,,100.0,33.480000000000004,3.017372752209692,15.2102,8.553495118808144
382,3.037109375,3.19140625,2314.453125,4399.4140625,,100.0,31.16,3.2501641497045304,13.4023,7.7596339410432185
383,3.052734375,1.59765625,1298.828125,2512.6953125,,100.0,30.51,3.3199195171026155,13.448,7.6735223629403375
384,4.650390625,1.59765625,1298.828125,2512.6953125,,99.0,32.68,3.088559722659943,16.98919191919192,9.425653193060544
385,4.322265625,3.82421875,1072.265625,4399.4140625,,100.0,32.01,3.2205595315549775,16.6222,9.139811082635276
386,3.052734375,1.59765625,1431.640625,2512.6953125,,100.0,29.71,3.4102652428522218,14.222100000000001,7.557589575514087
387,3.052734375,1.59765625,1298.828125,4610.3515625,,100.0,31.46,3.316582914572864,15.1603,7.702415265304249
388,3.052734375,4.54296875,1298.828125,2512.6953125,,100.0,29.23,3.4700315457413247,14.1239,7.384145846940517
389,4.052734375,3.59765625,2298.828125,4012.6953125,,100.0,23.28,4.370860927152317,10.598199999999999,5.8003586409493995
390,4.650390625,4.54296875,1431.640625,4610.3515625,,100.0,27.85,3.634361233480176,13.304499999999997,7.6835079024407
391,3.650390625,3.59765625,2298.828125,4012.6953125,,100.0,24.97,4.223549488054608,11.3037,6.091217830332917
392,4.052734375,2.54296875,2298.828125,4012.6953125,,100.0,22.62,4.502046384720327,10.2354,5.5583478796774815
393,4.052734375,3.59765625,2431.640625,4012.6953125,,100.0,24.77,4.1301627033792245,11.2949,5.952336693359265
394,3.650390625,2.54296875,2431.640625,3110.3515625,,100.0,25.01,4.149203688181055,10.9872,6.251622024674392
395,4.052734375,3.59765625,2298.828125,3110.3515625,,100.0,22.7,4.522613065326633,10.461199999999998,5.715575261131339
396,4.552734375,1.54296875,1798.828125,3262.6953125,,100.0,24.2,4.180743243243243,11.420900000000003,6.395395928385364
397,4.552734375,2.59765625,1798.828125,3262.6953125,,100.0,22.69,4.485727231536021,10.5264,5.856753077094902
398,3.150390625,2.59765625,1798.828125,3262.6953125,,100.0,30.76,3.272727272727273,14.9637,7.986944986170946
399,4.552734375,2.59765625,1931.640625,3262.6953125,,100.0,22.22,4.457451598379109,10.8049,5.789022787861855
400,4.552734375,2.59765625,1798.828125,2360.3515625,,100.0,22.740000000000002,4.520547945205479,10.353599999999998,5.97075710814336
401,3.150390625,1.54296875,1931.640625,2360.3515625,,100.0,24.39,4.282006920415225,11.227900000000004,6.1565452228346444
402,3.552734375,4.59765625,2798.828125,4762.6953125,,100.0,26.900000000000002,3.7945573016481404,11.401600000000004,6.519641918654333
403,3.552734375,3.54296875,2798.828125,4762.6953125,,100.0,26.88,3.7743042317956537,11.089900000000005,6.495774772025958
404,4.150390625,4.59765625,2798.828125,4762.6953125,,100.0,24.36,4.180743243243243,11.443299999999999,6.28024722137721
405,4.150390625,3.54296875,2931.640625,3860.3515625,,100.0,26.080000000000002,3.88235294117647,11.683800000000002,6.4562413276463015
406,3.552734375,4.59765625,2931.640625,4762.6953125,,100.0,28.48,3.5560344827586206,12.254500000000002,7.310508608237263
407,3.552734375,4.59765625,2798.828125,3860.3515625,,100.0,26.5,3.8777908343125733,11.633300000000002,6.311529142063048
408,3.802734375,2.09765625,2048.828125,4387.6953125,,100.0,24.87,4.034229828850855,11.108600000000001,6.245526725649974
409,4.400390625,2.09765625,2048.828125,4387.6953125,,100.0,24.54,4.234388366124893,12.046999999999999,6.143756212940127
410,3.802734375,2.09765625,1681.640625,4387.6953125,,100.0,26.93,3.7960122699386507,12.523600000000002,6.989851737564346
411,3.802734375,4.04296875,2048.828125,4387.6953125,,100.0,24.650000000000002,4.232578024796922,11.8674,5.914518110957856
412,3.802734375,2.09765625,2048.828125,2735.3515625,,100.0,23.23,4.263565891472869,11.105599999999999,6.040142034586587
413,4.400390625,4.04296875,1681.640625,2735.3515625,,100.0,22.71,4.417670682730924,10.945400000000001,6.092015542801691
414,3.400390625,4.09765625,1048.828125,2887.6953125,,100.0,30.62,3.309929789368104,14.6533,8.814107614523664
415,4.802734375,4.09765625,1048.828125,2887.6953125,,100.0,30.76,3.239528795811518,16.0173,8.604501271503953
416,4.802734375,2.04296875,1048.828125,2887.6953125,,100.0,36.61,2.755357639855274,19.2897,11.23771503923419
417,4.802734375,4.09765625,2681.640625,2887.6953125,,100.0,21.32,4.76878612716763,9.963000000000001,5.406506835435997
418,4.302734375,1.09765625,2548.828125,3637.6953125,,100.0,22.17,4.6544428772919595,10.145199999999999,5.384100513868065
419,3.400390625,2.04296875,2681.640625,4235.3515625,,100.0,26.38,3.8793103448275863,12.0097,6.722036947025188
420,3.900390625,1.09765625,2548.828125,3637.6953125,,100.0,23.97,4.24892703862661,10.4767,5.954665780340284
421,4.302734375,1.04296875,2548.828125,3637.6953125,,100.0,22.91,4.323144104803494,9.8921,5.730958157589392
422,4.302734375,1.09765625,2548.828125,4985.3515625,,100.0,23.26,4.258064516129032,10.614600000000001,5.706151991092995
423,4.302734375,1.09765625,1181.640625,3637.6953125,,100.0,30.8,3.254437869822485,16.0033,8.638214257915612
424,4.802734375,4.09765625,1048.828125,4235.3515625,,100.0,35.38,2.8712296983758696,18.878600000000002,10.779288691136754
425,3.900390625,1.04296875,1181.640625,4985.3515625,,100.0,36.38,2.806122448979592,18.198900000000002,10.186334467750845
426,3.302734375,3.09765625,1548.828125,2137.6953125,,100.0,26.04,3.9887187751813054,12.3651,6.712841981206355
427,3.302734375,3.04296875,1548.828125,2137.6953125,,100.0,29.53,3.413793103448276,14.185099999999998,8.239785411420774
428,4.900390625,3.09765625,1548.828125,2137.6953125,,100.0,26.38,3.810623556581986,14.831800000000001,7.5585049267214695
429,3.302734375,3.09765625,2181.640625,2137.6953125,,100.0,28.34,3.6370315944158707,13.456899999999997,6.9040211815106325
430,4.900390625,3.04296875,2181.640625,3485.3515625,,100.0,23.37,4.413731609451627,10.968499999999999,5.8754495852047635
431,3.302734375,3.09765625,1548.828125,3485.3515625,,100.0,27.73,3.6639526276831975,12.3355,7.134957953625235
432,3.427734375,2.84765625,2673.828125,3075.1953125,,100.0,25.16,4.0540540540540535,10.3975,5.79770163012199
433,3.525390625,2.84765625,2673.828125,3075.1953125,,100.0,23.330000000000002,4.382470119521912,10.053500000000001,5.642501303464269
434,3.427734375,3.79296875,2673.828125,3075.1953125,,100.0,25.330000000000002,4.052394596807204,11.091600000000001,5.878824819002966
435,3.427734375,2.84765625,1556.640625,3075.1953125,,100.0,26.17,3.879310344827586,12.187300000000002,6.741374564597492
436,3.427734375,2.84765625,2673.828125,2547.8515625,,100.0,25.330000000000002,4.064039408866995,11.593699999999998,6.343502148265618
437,3.525390625,3.79296875,1556.640625,2547.8515625,,100.0,27.51,3.7246049661399545,12.689,7.18795787298718
438,4.427734375,4.84765625,1673.828125,4575.1953125,,100.0,27.55,3.6912751677852347,13.1807,7.337454799819481
439,4.427734375,1.79296875,1673.828125,4575.1953125,,100.0,24.6,4.121565362198168,11.2906,6.415967111807696
440,4.525390625,4.84765625,1673.828125,4575.1953125,,100.0,29.45,3.4185082872928176,15.249200000000004,8.531943504243095
441,4.525390625,1.79296875,2556.640625,4047.8515625,,100.0,23.56,4.351648351648351,10.851299999999998,5.837241228664116
442,4.427734375,4.84765625,2556.640625,4575.1953125,,100.0,24.2,4.263565891472869,10.676100000000002,5.84737027917834
443,4.927734375,1.84765625,2173.828125,2325.1953125,,100.0,22.93,4.439461883408072,10.495800000000001,5.769005337652114
444,4.427734375,4.84765625,1673.828125,4047.8515625,,100.0,26.41,3.9192399049881232,12.7552,7.012006799307554
445,4.025390625,1.84765625,2173.828125,2325.1953125,,100.0,22.94,4.449438202247191,10.4426,5.629470545820683
446,4.927734375,1.84765625,2173.828125,4797.8515625,,100.0,23.400000000000002,4.332603938730853,10.4049,5.822993692719798
447,4.927734375,1.84765625,1056.640625,2325.1953125,,99.0,25.43,4.03790688092295,12.939898989898994,6.940250906325655
448,4.927734375,2.79296875,2173.828125,2325.1953125,,99.0,21.18,4.834731129748397,10.331717171717171,5.257128501611619
449,4.025390625,2.79296875,1056.640625,4797.8515625,,100.0,31.17,3.3322113766408616,15.445100000000002,8.578282832451688
450,3.025390625,3.84765625,1173.828125,3825.1953125,,100.0,33.83,2.9473057457576664,15.638199999999998,9.195956223726105
451,3.927734375,3.84765625,1173.828125,3825.1953125,,100.0,34.33,2.9473057457576664,16.654999999999998,9.92320762127597
452,3.927734375,4.79296875,1173.828125,3825.1953125,,100.0,27.2,3.723204212109816,13.262100000000002,7.327283909119973
453,3.927734375,3.84765625,2056.640625,3825.1953125,,100.0,31.3,3.216374269005848,15.172399999999998,9.250163320425509
454,3.927734375,3.84765625,1173.828125,3297.8515625,,100.0,33.99,2.985524728588661,15.806500000000002,9.658959976533852
455,3.677734375,1.34765625,1923.828125,4200.1953125,,100.0,25.63,3.8899803536345776,11.812000000000001,6.682813022896114
456,3.275390625,1.34765625,1923.828125,4200.1953125,,100.0,28.69,3.494528768090363,12.049100000000001,6.875549725680343
457,3.025390625,4.79296875,2056.640625,3297.8515625,,100.0,26.27,3.8869257950530036,11.6831,6.613603320338156
458,3.677734375,1.34765625,1923.828125,4422.8515625,,100.0,26.22,3.9363817097415508,11.839500000000001,6.608915064769205
459,3.677734375,1.34765625,1306.640625,4200.1953125,,100.0,31.16,3.272727272727273,14.8894,8.318034541059722
460,3.677734375,3.29296875,1923.828125,4200.1953125,,100.0,25.69,3.9379474940334127,11.902899999999997,6.375898319753726
461,4.677734375,3.34765625,2923.828125,2700.1953125,,100.0,22.67,4.502046384720327,10.151199999999998,5.52973455077368
462,4.275390625,3.34765625,2923.828125,2700.1953125,,99.0,22.1,4.664445502141837,10.093838383838383,5.447756832332545
463,4.677734375,1.29296875,2923.828125,2700.1953125,,100.0,21.57,4.787234042553192,9.8532,5.288700147722999
464,3.275390625,3.29296875,1306.640625,4422.8515625,,100.0,34.38,2.934202726733847,15.338100000000004,8.328571450983741
465,4.677734375,3.34765625,2306.640625,2700.1953125,,100.0,24.7,4.0707236842105265,10.7275,6.273446425251837
466,4.677734375,3.34765625,2923.828125,2922.8515625,,100.0,20.73,4.920477137176938,9.765799999999999,5.20764088584837
467,4.775390625,2.34765625,1423.828125,4950.1953125,,100.0,29.52,3.4712482468443198,13.8304,7.614128802045668
468,4.177734375,2.34765625,1423.828125,4950.1953125,,100.0,30.84,3.282493368700265,15.086199999999998,8.487377172762342
469,4.177734375,2.29296875,1423.828125,4950.1953125,,100.0,25.77,3.8431677018633543,12.652000000000001,6.670241617237208
470,4.177734375,2.34765625,1806.640625,4950.1953125,,100.0,28.310000000000002,3.6571850757295894,12.735999999999997,6.995425056218652
471,4.275390625,1.29296875,2306.640625,2922.8515625,,25.0,5.63,4.436229205175601,3.07,1.3977064546367857
472,4.775390625,2.29296875,1806.640625,2172.8515625,,100.0,23.42,4.334500875656742,11.705300000000005,6.577989999562437
473,4.177734375,2.34765625,1423.828125,2172.8515625,,100.0,29.71,3.334456045806669,16.1232,8.556514073552915
474,3.177734375,4.34765625,2423.828125,3450.1953125,,100.0,27.78,3.669384729429207,11.5127,6.813094915919881
475,3.775390625,4.34765625,2423.828125,3450.1953125,,100.0,25.48,4.017857142857142,11.4774,6.297018954804862
476,3.177734375,4.29296875,2423.828125,3450.1953125,,100.0,26.82,3.826826439891766,11.712800000000001,6.645183731717493
477,3.177734375,4.34765625,2806.640625,3450.1953125,,100.0,30.5,3.337828725556305,11.554399999999998,7.159087792463648
478,3.177734375,4.34765625,2423.828125,3672.8515625,,100.0,28.48,3.5624325296869377,11.831999999999999,6.939901317960531
479,3.775390625,4.29296875,2806.640625,3672.8515625,,100.0,24.72,4.111295681063123,10.9636,6.108835879116397
480,3.240234375,2.47265625,1736.328125,3543.9453125,,100.0,27.04,3.7671232876712333,12.582600000000003,6.969252328636267
481,3.240234375,1.41796875,1736.328125,3543.9453125,,100.0,25.7,3.9379474940334127,11.8651,6.624174809671836
482,4.212890625,2.47265625,1736.328125,3543.9453125,,100.0,24.76,4.1405269761606025,12.172699999999999,6.4313292301565985
483,4.212890625,1.41796875,2494.140625,2079.1015625,,100.0,21.38,4.745925215723873,10.3354,5.4601662053365185
484,3.240234375,2.47265625,2494.140625,3543.9453125,,100.0,30.12,3.3513879485443465,11.1624,7.118859305969027
485,3.240234375,2.47265625,1736.328125,2079.1015625,,100.0,25.85,3.9505187549880283,11.646299999999998,6.405618533598437
486,4.240234375,4.47265625,2736.328125,2043.9453125,,100.0,24.6,4.026026840178934,10.9757,6.398473027278312
487,4.240234375,3.41796875,2736.328125,2043.9453125,,100.0,22.18,4.639175257731959,10.4705,5.509278193386246
488,3.212890625,4.47265625,2736.328125,2043.9453125,,100.0,25.45,4.085843995047462,11.772799999999997,6.355809889662792
489,4.240234375,4.47265625,1494.140625,2043.9453125,,100.0,21.85,4.732313575525812,10.6029,6.04035357433903
490,4.240234375,4.47265625,2736.328125,3579.1015625,,100.0,23.62,4.323144104803493,10.475999999999999,5.701891764754018
491,3.212890625,3.41796875,1494.140625,3579.1015625,,100.0,28.57,3.617099013518451,14.062199999999997,7.17843875713229
492,3.712890625,1.47265625,1236.328125,4293.9453125,,100.0,31.6,3.195610071013557,15.1466,8.44745400889068
493,4.740234375,1.47265625,1236.328125,4293.9453125,,100.0,35.65,2.856318522792845,18.4058,9.90240805118236
494,4.740234375,1.47265625,2994.140625,4293.9453125,,100.0,25.6,3.9855072463768115,11.531699999999999,6.400595467090022
495,4.740234375,1.47265625,1236.328125,4329.1015625,,100.0,31.43,3.2565789473684212,16.1867,9.09661598251423
496,3.712890625,4.41796875,2994.140625,4329.1015625,,100.0,26.84,3.8596491228070176,12.2427,6.768453839972493
497,4.740234375,4.41796875,1236.328125,4293.9453125,,100.0,37.7,2.6829268292682924,18.8317,11.623315740268772
498,3.740234375,3.47265625,2236.328125,2793.9453125,,100.0,26.810000000000002,3.817971461627458,12.0654,6.861051899797666
499,4.712890625,3.47265625,2236.328125,2793.9453125,,100.0,21.22,4.824561403508772,9.963299999999998,5.235994508682137
500,3.740234375,2.41796875,2236.328125,2793.9453125,,100.0,24.78,4.171934260429835,12.045499999999997,6.54131753555888
501,3.740234375,3.47265625,1994.140625,2793.9453125,,100.0,22.900000000000002,4.325032765399738,10.1617,5.945236622284221
502,4.712890625,2.41796875,1994.140625,2829.1015625,,100.0,20.44,4.97737556561086,9.6764,5.272452426135166
503,3.990234375,1.97265625,2986.328125,3168.9453125,,100.0,25.73,3.982300884955752,11.2627,6.180639837264407
504,3.740234375,3.47265625,2236.328125,2829.1015625,,100.0,22.54,4.611085235211924,10.5147,5.607252240346308
505,4.962890625,1.97265625,2986.328125,3168.9453125,,100.0,20.88,4.801163918525704,9.806299999999998,5.214360639502017
506,3.990234375,1.91796875,2986.328125,3168.9453125,,100.0,24.740000000000002,4.1078838174273855,10.373099999999999,6.027489333600406
507,3.990234375,1.97265625,2744.140625,3168.9453125,,100.0,22.19,4.585456229735989,9.8863,5.53723550888059
508,3.990234375,1.97265625,2986.328125,4704.1015625,,100.0,25.18,4.062371768567911,11.021300000000002,6.131222406006749
509,4.962890625,1.91796875,2744.140625,4704.1015625,,100.0,23.17,4.353562005277045,10.498999999999999,5.6732203635086575
510,4.990234375,3.97265625,1986.328125,4668.9453125,,100.0,23.78,4.278305963699222,11.6428,6.0658502747393594
511,4.990234375,3.91796875,1986.328125,4668.9453125,,100.0,22.66,4.467509025270758,10.678400000000002,5.692348882313856
512,3.962890625,3.97265625,1986.328125,4668.9453125,,100.0,25.46,3.8976377952755903,11.7273,6.708178914842341
513,3.962890625,3.91796875,1744.140625,3204.1015625,,100.0,24.47,4.198473282442748,11.697700000000003,6.506522423730288
514,4.990234375,3.97265625,1744.140625,4668.9453125,,100.0,28.11,3.6118205034658883,13.231900000000001,7.320047840959743
515,4.990234375,3.97265625,1986.328125,3204.1015625,,100.0,23.93,4.306220095693781,12.571000000000002,6.33303292748475
516,4.490234375,2.97265625,2486.328125,2418.9453125,,100.0,22.46,4.551724137931035,10.2598,5.661610039769981
517,3.462890625,2.97265625,2486.328125,2418.9453125,,100.0,25.900000000000002,4.040816326530612,11.531700000000003,6.195028807785556
518,4.490234375,4.91796875,2486.328125,2418.9453125,,100.0,23.1,4.479638009049774,10.5133,5.59461773366676
519,4.490234375,2.97265625,2244.140625,2418.9453125,,100.0,23.29,4.390243902439024,11.023000000000001,6.08536719840257
520,4.490234375,2.97265625,2486.328125,2454.1015625,,100.0,21.11,4.789550072568941,9.6795,5.348105559991135
521,3.462890625,4.91796875,2244.140625,2454.1015625,,100.0,25.02,4.037520391517129,11.061599999999999,6.0954741813044775
522,4.462890625,4.97265625,1486.328125,3918.9453125,,100.0,27.07,3.7571157495256164,12.400100000000002,7.5976524145370865
523,3.490234375,4.97265625,1486.328125,3918.9453125,,100.0,29.650000000000002,3.3915724563206577,13.040400000000002,8.205815986238052
524,3.490234375,2.91796875,1486.328125,3918.9453125,,100.0,29.39,3.369639210347175,14.4804,7.834772907050371
525,3.490234375,4.97265625,1486.328125,3954.1015625,,100.0,30.5,3.307718008686936,13.9097,7.94651342833237
526,3.490234375,4.97265625,1244.140625,3918.9453125,,100.0,29.66,3.4173282706247843,13.880100000000002,7.639265327069988
527,3.365234375,1.22265625,2361.328125,4856.4453125,,100.0,30.17,3.4067446662078456,12.6339,7.307758419735296
528,4.462890625,2.91796875,1244.140625,3954.1015625,,100.0,31.21,3.1730769230769234,14.746100000000002,8.57135668044647
529,3.087890625,1.22265625,2361.328125,4856.4453125,,100.0,30.96,3.200775945683802,12.5666,7.605089234363148
530,3.365234375,1.22265625,2619.140625,4856.4453125,,100.0,28.26,3.6250457707799337,11.901299999999999,6.763663859032308
531,3.365234375,1.22265625,2361.328125,4891.6015625,,100.0,26.62,3.791650708540789,11.7997,6.857041423296792
532,3.365234375,2.16796875,2361.328125,4856.4453125,,100.0,29.080000000000002,3.509393831974477,12.295999999999998,6.838013031738257
533,3.087890625,2.16796875,2619.140625,4891.6015625,,100.0,28.98,3.629032258064516,13.615499999999997,7.121233773339101
534,4.365234375,3.22265625,1361.328125,3356.4453125,,100.0,30.57,3.3,15.161499999999998,8.188751878231038
535,4.087890625,3.22265625,1361.328125,3356.4453125,,100.0,32.25,3.10929648241206,16.275,9.183853254819603
536,4.365234375,4.16796875,1361.328125,3356.4453125,,100.0,35.35,2.8770706190061026,16.953400000000002,9.967518076535434
537,4.365234375,3.22265625,1619.140625,3356.4453125,,100.0,26.45,3.8854003139717426,13.3945,7.176562917095503
538,4.365234375,3.22265625,1361.328125,3391.6015625,,100.0,32.2,3.1710442024343366,15.8286,9.027595182986374
539,4.865234375,2.22265625,2861.328125,4106.4453125,,100.0,22.09,4.555913483663138,10.2686,5.5733679533505
540,4.587890625,2.22265625,2861.328125,4106.4453125,,100.0,26.59,3.7542662116040955,11.490500000000003,6.120355402468491
541,4.087890625,4.16796875,1619.140625,3391.6015625,,100.0,25.62,3.9536741214057503,12.9878,6.969480594533266
542,4.865234375,3.16796875,2861.328125,4106.4453125,,100.0,22.91,4.334500875656743,10.3933,5.492960610884377
543,4.865234375,2.22265625,2119.140625,4106.4453125,,100.0,24.36,4.142259414225942,11.780299999999997,6.04997344597228
544,4.865234375,2.22265625,2861.328125,2641.6015625,,100.0,19.830000000000002,5.185961236249344,9.868,4.9912163251095825
545,4.587890625,3.16796875,2119.140625,2641.6015625,,100.0,23.490000000000002,4.283859800951968,11.1669,6.24899356664412
546,3.865234375,1.16796875,1861.328125,2606.4453125,,100.0,24.07,4.209183673469388,10.8836,6.124355834195004
547,3.587890625,4.22265625,1861.328125,2606.4453125,,100.0,25.080000000000002,4.084158415841584,11.577899999999998,6.453933777319086
548,3.865234375,4.22265625,1861.328125,2606.4453125,,100.0,25.8,3.9855072463768115,11.8648,6.2558180564619645
549,3.587890625,1.16796875,1119.140625,4141.6015625,,100.0,37.660000000000004,2.6771227690643586,17.766499999999997,10.002679981793971
550,3.865234375,4.22265625,1861.328125,4141.6015625,,100.0,26.52,3.8793103448275863,11.9442,6.550433431568796
551,3.615234375,2.72265625,1111.328125,2231.4453125,,100.0,30.86,3.2989003665444856,15.341599999999998,8.775028011696634
552,3.865234375,4.22265625,1119.140625,2606.4453125,,100.0,34.85,2.873730043541364,18.668,9.520945755585844
553,3.615234375,2.72265625,2369.140625,2231.4453125,,100.0,21.91,4.615384615384616,10.065,5.638480972457713
554,3.837890625,2.72265625,1111.328125,2231.4453125,,100.0,35.0,2.8879813302217037,18.2588,9.891408911910693
555,3.615234375,2.66796875,1111.328125,2231.4453125,,100.0,27.91,3.629032258064516,13.1323,7.423690967831204
556,3.837890625,2.66796875,2369.140625,2266.6015625,,100.0,22.52,4.56221198156682,9.904600000000002,5.452893480816521
557,4.615234375,4.72265625,2111.328125,3731.4453125,,99.0,21.31,4.757281553398059,10.363434343434344,5.659367196473717
558,3.615234375,2.72265625,1111.328125,2266.6015625,,100.0,35.44,2.8253424657534247,17.719400000000004,9.864007198912724
559,4.837890625,4.72265625,2111.328125,3731.4453125,,100.0,21.0,4.910714285714286,10.2645,5.15444309172762
560,4.615234375,4.66796875,2111.328125,3731.4453125,,100.0,22.67,4.485727231536021,11.376800000000001,5.978516399863293
561,4.615234375,4.72265625,2111.328125,3766.6015625,,100.0,21.25,4.70756062767475,9.5647,5.289393896079096
562,4.615234375,4.72265625,1369.140625,3731.4453125,,100.0,29.41,3.487143360338147,15.972900000000003,8.039233756014212
563,4.115234375,1.72265625,1611.328125,2981.4453125,,100.0,25.35,4.092600248036378,12.476099999999997,6.596269973678804
564,4.337890625,1.72265625,1611.328125,2981.4453125,,100.0,22.79,4.433497536945813,11.003999999999998,6.003855327027692
565,4.115234375,1.72265625,2869.140625,2981.4453125,,100.0,23.330000000000002,4.475587703435805,10.917900000000001,5.944283782497997
566,4.837890625,4.66796875,1369.140625,3766.6015625,,100.0,28.7,3.623718887262079,15.8095,8.564621424880096
567,4.115234375,3.66796875,1611.328125,2981.4453125,,100.0,26.09,3.917688959240206,12.5151,7.289745599058302
568,4.115234375,1.72265625,1611.328125,4516.6015625,,100.0,27.42,3.7358490566037736,12.797999999999996,7.137140869982868
569,4.337890625,3.66796875,2869.140625,4516.6015625,,100.0,24.43,4.171934260429835,11.349100000000004,5.89244013096185
570,3.115234375,3.72265625,2611.328125,4481.4453125,,100.0,29.8,3.403231350979718,12.374600000000001,6.997819490109874
571,3.115234375,1.66796875,2611.328125,4481.4453125,,100.0,31.86,3.1083202511773944,13.237999999999998,7.6665400516553985
572,3.337890625,3.72265625,2611.328125,4481.4453125,,100.0,28.82,3.5921625544267055,12.356499999999999,7.011862873701678
573,3.337890625,1.66796875,1869.140625,3016.6015625,,100.0,26.52,3.798925556408289,11.737700000000002,6.693250611434981
574,3.115234375,3.72265625,2611.328125,3016.6015625,,100.0,26.04,3.8732394366197185,10.9174,6.617003749905438
575,3.115234375,3.72265625,1869.140625,4481.4453125,,100.0,28.2,3.661242603550296,12.877199999999998,6.860679514008754
576,3.083984375,1.23046875,2142.578125,3965.8203125,,100.0,28.7,3.5662824207492796,11.651100000000001,6.853831324761563
577,3.083984375,2.53515625,2142.578125,3965.8203125,,100.0,26.47,3.8033038801383023,11.947099999999999,6.696659093921537
578,4.931640625,2.53515625,2142.578125,3965.8203125,,100.0,23.31,4.413731609451627,11.960099999999997,6.2009543897237585
579,4.931640625,1.23046875,2962.890625,3344.7265625,,100.0,20.150000000000002,5.033045246568378,9.8158,5.229985452980135
580,3.083984375,2.53515625,2962.890625,3965.8203125,,100.0,27.91,3.6263736263736264,12.210700000000001,7.239557614560813
581,3.083984375,2.53515625,2142.578125,3344.7265625,,100.0,26.97,3.840186190845617,12.0013,6.537703957843613
582,4.083984375,3.23046875,1142.578125,2465.8203125,,100.0,29.22,3.4773445732349844,14.376199999999999,8.477163235732371
583,3.931640625,4.53515625,1142.578125,2465.8203125,,100.0,31.16,3.228962818003914,15.636500000000005,8.709469289401639
584,4.083984375,4.53515625,1142.578125,2465.8203125,,100.0,29.62,3.393897840246829,16.2552,8.524195211279478
585,4.083984375,4.53515625,1962.890625,2465.8203125,,100.0,23.26,4.405874499332443,10.512599999999999,5.717063352258516
586,3.931640625,3.23046875,1962.890625,4844.7265625,,100.0,30.21,3.3445945945945943,12.4342,7.514075839194845
587,4.583984375,1.53515625,2642.578125,4715.8203125,,100.0,25.38,4.009720534629405,10.887900000000002,5.950218448583093
588,3.431640625,1.53515625,2642.578125,4715.8203125,,100.0,26.72,3.8446601941747574,11.851499999999998,6.842320678887192
589,4.583984375,1.53515625,2462.890625,4715.8203125,,100.0,23.26,4.522613065326633,10.7051,5.686347551350294
590,4.083984375,4.53515625,1142.578125,4844.7265625,,100.0,33.95,2.9525797793021176,16.9632,9.07449894323136
591,4.583984375,1.53515625,2642.578125,4094.7265625,,100.0,23.03,4.443447037701975,9.8486,5.444358588892216
592,4.583984375,4.23046875,2642.578125,4715.8203125,,100.0,25.19,4.0657084188911705,12.080200000000001,6.291893289918161
593,3.431640625,4.23046875,2462.890625,4094.7265625,,100.0,26.62,3.8238702201622248,11.503599999999999,6.750294946043903
594,4.431640625,3.53515625,1642.578125,3215.8203125,,100.0,23.38,4.238013698630137,11.088099999999999,6.0160137637858355
595,3.583984375,3.53515625,1642.578125,3215.8203125,,100.0,31.95,3.2300163132137034,14.621599999999999,8.183643297221698
596,3.583984375,2.23046875,1642.578125,3215.8203125,,100.0,25.44,3.979099678456591,11.7805,6.306084824047391
597,4.431640625,2.23046875,1462.890625,2594.7265625,,100.0,23.66,4.186046511627907,10.566400000000002,6.275985257271957
598,3.583984375,3.53515625,1462.890625,3215.8203125,,100.0,24.6,4.166666666666666,12.090399999999999,6.287736487911539
599,3.583984375,3.53515625,1642.578125,2594.7265625,,100.0,25.34,3.945795137504982,11.905,6.420549002612588
600,3.833984375,1.03515625,1392.578125,2840.8203125,,100.0,27.87,3.7204058624577225,13.816099999999999,7.106721373233067
601,4.181640625,1.03515625,1392.578125,2840.8203125,,100.0,33.07,3.0330882352941178,16.3049,9.056517659183971
602,3.833984375,1.03515625,2212.890625,2840.8203125,,100.0,22.1,4.6544428772919595,10.361600000000001,5.7817724240613595
603,3.833984375,1.03515625,1392.578125,3719.7265625,,100.0,27.560000000000002,3.677563150074294,12.599599999999999,7.3244428091593745
604,3.833984375,1.73046875,1392.578125,2840.8203125,,100.0,28.75,3.525641025641026,14.253000000000002,8.229057103221535
605,4.181640625,1.73046875,2212.890625,3719.7265625,,100.0,23.76,4.359313077939234,10.3323,5.823382830096144
606,4.833984375,3.03515625,2392.578125,4340.8203125,,100.0,24.32,4.126719466444351,10.661900000000001,6.082060505281001
607,3.181640625,3.03515625,2392.578125,4340.8203125,,100.0,30.41,3.3232628398791544,13.914200000000001,7.774645164529597
608,4.833984375,3.73046875,2392.578125,4340.8203125,,100.0,23.31,4.304347826086956,11.226999999999999,5.775012265499241
609,4.833984375,3.03515625,2392.578125,2219.7265625,,100.0,20.23,5.007587253414264,9.7113,5.306328917034599
610,4.833984375,3.03515625,1212.890625,4340.8203125,,100.0,33.42,3.087960074859638,16.384700000000002,9.2026636959638
611,4.333984375,2.03515625,1892.578125,2090.8203125,,100.0,23.63,4.293148308759758,11.206600000000002,6.225849537584929
612,3.181640625,3.73046875,1212.890625,2219.7265625,,100.0,30.46,3.3132530120481927,13.3288,8.090112843352793
613,3.681640625,2.03515625,1892.578125,2090.8203125,,100.0,24.69,4.154427192614351,11.4894,6.28395581194399
614,4.333984375,4.73046875,1892.578125,2090.8203125,,100.0,22.82,4.537121906507791,11.0223,5.602545030446593
